wallet,amount
CpPPfLTUzytRXBrUUjb84EkYtA84CsoeVefhaJ2cyPg3,21407028.870539781
65mxnibS4DL2qqL24GpMJqtNxgEzWgnARTMvXv5SePUb,10010862.906516214
Gg1SxudNLJXbkPVBmrJxezwKxcRjxUgm9i7sYYBzypuv,2120861.173999302
2YXaesd7pqph6fQyfvz2N9YKKSCz1i3TmmaFA2XMn17s,1697065.670094608
8nPdXXTETAmMtbr8k1vRVE3E2b7hE2UNSur2YEy55fFn,1526152.506003912
CTpd26RoAwGQ4gnqC9yvNAHxwJTRhnYRDkWQk9HSst7X,1118274.373637946
BPNvdLuUxdbgV2VyhcrhbTAf1WZSAddFYqWFMmBuiF5n,1058921.760464070
FW5vffajC1wCb1ZztC7bNMQhz3rKy1jKMBqvU5eivYrw,1010166.891684627
GffvQ8LAQ3TgiSdCnUftnrs9mCCV93gUh3v9eE84qSTE,919612.506111747
3wuQFjCDBPZoMxkoL3xFqM1ew5P4kvRuj37ea8obZD1E,897367.949011309
NkNpKowCVRAtpa8VL4R94UAuvzt6RPqGA67xv56tQu6,856976.064956848
8jGS8x6pifRiQ2dVddRKt5yyYynohAwc5TRWhQkS4AL9,827773.439819026
AcCSyMvciEHwU4BzQuRvcFnMeojo6Do3A1GPKNucVukr,818828.414596158
HPsULU2Thf6CfSdomre2K2vDpC66Kbp4RYhjkaKAcCJn,691300.977654534
5EF2myRGH4LF1d45hYcWcH3faMxYBPFFTDMwfrEMNBcv,677841.084452960
J63sUXiEwSU3DerD3FQhkyfLXzv9zw9JvhCwnddwZi3c,626942.890992071
4t2UPUnocvVgTykYAqERg22YM5BesR3TJMgdeo4Humoa,606367.314862103
HFnpFZPHN5nTo3PsdbFcQ31bmiWzRvHFWb1ze7zW3dD2,596887.521011483
6XfGv2t9tuvsfp92px5b48Lzcjitru8im2APGLaHJYEJ,591134.481456635
2G5DjtxGU4AyJvo3c2FVKxvYYcRTrb3KVJMVeFMmttnY,580962.525515829
ATRYp9WZj4V84xXYa3HSTKN646mvtAnYybAwjCwUwRQ1,580307.599973155
8nJ6BYrdTyjocNFAYui9aMSP7DtQtAbyLVbX3ZZLtjX9,571996.488307118
EcX4LwyRo4FRNMLZu2ooNMAJD2e9iH4jsAYaoh6fDgUN,497453.219519866
Dzxps4zhsb6RTtK9pDSfFNvb9eakDhMWnJ35EZTJxMUU,488180.188610358
9T4gstpR6iZLwcFCg2RFDy85VQjCw9W8hR66jiSds4Pa,462863.614423713
8rZBAFtvnKz6cKRTL5uY4KhmNj652CaPww8LnnUmJJKk,429471.551342818
3JchJfRToa6xC7VHBM6goapGQpwnXz5ZZfZQGFrvBtTL,428000.624490053
Ffy6pvPKVXyGWH5eAKcu4s2h3u8bugvRnGBdBefAKADi,392502.571437536
qje3keHqiZmJjmJ3pB3AjdWV2BfoMkpGAsLDbrNb597,391535.780891816
2Hv3fHS46Jxgiy16jm9aF4GpaWeLyZETTqD9Nv6KuDYK,384056.098270234
8SYTeR6GqUSJSrG8nRDyFbZhU25Kcp41PPKr2UZzxVe1,328174.456607102
HT7LRFZxrR4dPqSdZkZhLaBf8zwYhkb89Zd7xHwqD8Lu,298865.135396410
3GumXW8AXcQzVUSLfDeh2myKkD5vciiG8kW9bnkiZvUm,295792.257464954
BW37GKdGcMLtvx7t3aqPXqbfkKujcCZG3jXYTgbtveMU,256166.248584045
4fz4Z6rPbnKWdjGHZSiRkaTWx8NpYLmZ35gEFdehqGgo,240398.868154965
AWv8NZxaJaaoa3qG23ToAtQHpbRR8mfZY8YnN5cGPFyZ,230433.658962140
Dc386eft7NJiYvvx8HBRbnya9BTnoKbnJnbvPK8xXHcr,203673.181917911
2t9RDnyW4WTp9RGF8XgTrptKVH9E6C3Ey4KTZJphS5hM,202297.513334253
jeuX4q4e8fHMqyYg7yMP8T7mDrfbYTFdpjFq6bYZkcq,200536.432137578
ALMCmcXoYakYPtoJagiuLkuShMXhkCit1NKqQkfdsMq4,194092.364258405
3Sn9V2L4GBSZJwri3B8cqjM8gASGzZBVUvzKBm9eH8vr,192028.049135117
AeNUAG3Th4SgBPQHDp1GQHPZY2VktrH2aDYTtRpTCage,191346.796673128
2J19dZPLBTQzVDkqfUTfUnPeZVGm4n2NK3RebG7GUT1z,183969.810661033
BgkwHgWvWYrbEH1CZoaoNQTBwvYbFb4WwjXb6tMripLA,180696.855935486
3MjSKJ5Wzq1fR3gJHyDczdrDdhg7B3JnmZuNQoLKWtaz,168094.325218171
2dJs28aFnBoaVDaSxj4gJcchY6LUpiEaCPDUzN93xwEp,166858.513817152
99qftkCuN9S5UKLmL218RR94D8hwPoPk5QBUDAk9JwRc,166625.538129401
DjzmJzosLNa4NRKMh8c8fpRrHyWNw69S3AWo2WoiUXUx,158075.147859784
3SCNVnpMucoTHa4YtQFWu8JNGNjBdG8JjXJaRzgKDB5N,155909.957853923
47tLesdrznTPt4JdhjRxs81w663TYdsBy8kuTrHmnnEb,153622.439308093
4D9xufExq93DVh4jz4SP8VHtxdRjbhvy6NbM4nUcT2Mk,149124.157187891
4yqkePYfJs1VrfWE3Cj9wHNTUHuDPoHpQ2dgpMiUsqew,134308.225847314
a5DdVpfCNchkr417fp8Hf4MfE9BCa9MsGafPh9Eh9xU,128658.792920528
4jMMSCksWKyJ72XeNw34drasUQMvL6mQ4Epnf8PDqZNa,126109.634823764
A8QjWrQaCAaF83C8U8JpQW6SUPKqmYQDqYrFMP4ssKNb,121734.036900932
F5rheKoNRmjZ3usUqRw6XibvfNA65KYgdNcxEPvsTw2B,120580.544659717
Hp1xzQyeMwryXAZvobHg88xPf2jtu6wkn5vMKJ2QdDyK,120409.231541521
FvEMtMXLmqKbYn4gDtwpaYiowQzw3Hos1hVuuQCPxx2o,117267.043831588
8dSdLtXJyyJcayfAtgijfpp6Uo7ERiuxJPi8cgSxSqK8,117107.249610780
6PkngRWQC1HWqmiL9XeCRxepuGiEYEtSiqfQhnY3xBHj,116250.995966622
7omZRr1n1aDLxfsvpcDi7oWgWJHaGcR3oZMwJBAjXqTC,115950.373965811
83pPEjxsrBqNXpgcrew8moJijzemJynD65U43Rm58sdQ,110457.324406186
DXR6ahTZuuhB2GUSoQoSy5mYzi4V7qcchpdGtj6etHgF,107041.877248594
BcyEvv6yLKPekqBYQUdyqzrCRrQMZG8LZT28bWzagKAT,106186.792091269
BaawJvbyEMiGLQZPGzuFy7Vm17wTP55jcFqiugCAYSV9,102442.880398099
HdgewnvFDzxmYkmsUnQW5DF24LP8oqdU9bZKauL5LQRv,99237.139993745
HaMy7WhfkcaJru758tdn7nWkek5m8J2FVYciRPSXKL8r,99224.005917131
CdWVeSZBTBWUsa8MHJEoaumidYvwHhWuuMfCG4PsVHCz,96234.483521536
FoQS4RvkULhSu19NKfmgu5GhzE1VCjEggbtvXctPwrp2,95684.213704776
8GPQbSGXujunhY4eV6nquBSDxeYVGGx8mdJDKKe5Em5s,94952.037271149
GF9EXtqFiyKJjT4CVYUN49jo61VqAYpDnnGmckhQWrz1,94637.033257119
4qt5X7Qpxpn6sQE1LTk4YuSQLwvcxGno7ahoWyoHAdJC,94407.088724136
3xvJw6bC5DnoefGfoHVQzoAZL3cVFiqggegHX3NqgPdJ,92396.194633356
HoZYEiKdXKeBnPmSnxXSbEN8Wb2DHiMduP5kA6PBnZHb,84819.020549067
AbK6vSS5gXX8uQEFuKYs8mFqyZwqMwXc2z9MxxfS7pXN,77251.763339421
EXXiWfdYSDwqGUU4jye5qre4jqsELhaFLH7MxpHESSR1,77013.050351034
9M9gBZiMJmZ4fyH3ZKN7q7TDfxGbWP2KPXNVXDuPbSG2,76811.219654046
HrWniXnCteSk4Uz3ZTcEy1kY8dVYcXSimEUqALi9PEhx,75370.913622542
BXbNLSSvspU5MoWemcdbjUxKYzwKxvk93cVZg7ab4tKy,75346.622491405
A1LHfgxFE3PDm6QvUZFCyViJHZMc5pKsFipX2ctdRFhC,75196.668222727
BhstCWgS6g3b9HrBycqK7tmyQSY5kySTXD81i9zy71Xu,74557.041610940
9M11KxZfRsGoqUqXLDvAXHtkUYJ4QkW3JLmvrPfnt6BP,74363.222752724
8eHxr4tLNoWgQ62wkgkp1ZL8KjX63K9EhTJc7xpLc1Xp,73736.449064754
2xCm8a8g3xiHRuALWndo2UTDdPvo84hnzYZxW1akESRE,72936.690434922
4mV6kbb948CEgtV9eFwHcC5QP1W9XD7rCvAcP5X2XXUN,72746.046152749
DEdbqX3x8AVNZBXENo5SYMzetcfNzqHKSypPV4ah2Xpb,69308.697474882
4Z1mJZMtAJ3Mqb96b9A64Pm99LToBQYxk2cATGC8uwXZ,68454.067923519
8MWWADcws9jtcnv3dZ2QzKGGnzBsaeEFtABJ4EbM2g2V,67256.410919216
7jWNMeYj4CChukpRXaK5Q4w8jZHNRjfWRutRuXWun4sg,67222.272028295
3qkPZP9ppEwFc66qkHvWy1vVx6voS9Jo14konZUbbWRR,66545.716550127
5RYxaid5pouMukcwxWPKGsvjovADpbNUSEwtE6AG3oQX,66059.337245679
2zgwTSFyrfPXRjXUyE3Hxobp9j6oqrEC4629n4rVv2Kb,64989.474242484
4re1h1Ag7UNdosWUnAonQ2UemEaCiFij818KxZZ2i1FC,64811.927245210
Au8FYkaRiANdHPQkH3wzD1uEEwEdfZPZzM4yhMhM1uJg,64702.861927573
HVQRGjMz7aVWJBSv1NsWJnawWRU9JzMuP4ByahXrJEBi,62173.546513060
GFLBohUDFWHZ6htZ7NAUXtvVGLYoxBhbLmoUh6BRjeqf,60500.613207825
6Tp9sbpTuff87WKgNuZPnV9xXWzcAtL2aPos8vece1Ra,60116.989385236
AZ5tq7WFnAvAqhs3JZybw7dRwL8ZYJJ553eZhdRZfino,58550.890734664
8ne1NnsdC2Dtn7392CxqNyrUnHkHVos5tXKwddCSpDDY,57992.470838805
CywBS9BLZLxdfX4w4Zsrc9RD9TVzXKxyQhgFShKRjEcq,57916.122053820
FCvDzi5nECuBScht4wYFiyKU6YUfHKTnGY69e3mRhhMT,57608.414740535
4LEQQy7AC7TNyoey2QtuxvB9PgfhiMJYYDsGjZtiXf1z,57608.414740535
9Gf5PKc6p9nuG6vFcscBdsQYu6snsouPwfYjzcepMVzC,57060.500957997
8umHLaY4JiHnCjrhLVvBi5rTLg8VuyvNMQ7eE96zVhne,55852.827892888
z1hdP6VVT9bBV8wzmQQ9tY6ZigRcXyLW4qitS18dwKT,55441.050434438
H5eaKXTKhWidMoFKbZ1BUwmJsjCZbqb7bUM2Sb2Cc3Cw,53767.853757832
33NNQx1hQaJhVXPLkeeD8VsmpyGMwgswZ26sTuG26DkV,53767.853757832
F7SRtWpcEz1HBPVoBeyRXMPhRe3WRqHnSiwW56f4CnzH,52654.663601972
GHAYNfx1MhDX7Ho6EqKhiPRqJhLkahqcqiMaWF4LvL22,50576.314718400
q8qqNJqVAMHwakRdTyCuTNUgyA8E72RjXByc2b1awcj,48894.058630201
9zhjAgHrzyy43JETsYNR8XRjZmCLwu6A2VW1YtpuZgXX,48680.321340781
9Ca1o7YVbRmB3gVzyD2qgHbpkL685kW8Xieej7EMQcBb,48578.962362772
FCCqwBQvU8Zw362t9BreNaFhwBYzshYWvevXKwWbw7HV,46747.308052489
EhPo89gh8nTgncUs4KSNpf2A6WP9HkjbvDKEcHNJYYHS,46513.362610625
ASqMdSi5JjWQgqsxX7m8X55QMFopd4JWWdakyBkvBYX5,46144.980812740
41J3gvQeSQWF33ypsZyaEsXAFLh7ydJaLEX2XR9ExpPs,46086.731792428
74aK1HkHDKbWTFgW6wqgUEspmAARXDahrmbrWoC6dPBH,45622.217308917
GmcxS21vfzx1fWZA6tz359yWtsTDVdyRk2j3k1mVrPXz,45075.274348105
EMLs8byjzjtBr77q6CKTAbvXJTAniFsNMcLNH5dNfgAJ,44687.896349536
Dkjt3M3PZrEL4Y8JMNRgfwCPrLQsqtxK6GtV5hM25VE1,44586.208253895
2yydgk4zArd12Vtrk7NFdpUKGWEgw7sd3Eax9tZTxAVP,42634.105770453
F9gSiBnxsAX3XRJP64abPADcRy89D14uKYita7ZY1RZ2,41553.347284622
8FpfivHaQWWWj817fyWwYKymQ7CfAwc5fJw8AWAWFV6f,40742.733132909
BrbrLzXAhiZS3g2EbJmw1T8QhKQVhdUjB5PESovPowki,40325.928723984
3xWihn8MzRwmm3GeudVWqKdDM8GAt6GYpaXjbA1BiNWe,39679.982575541
BHcEnBxqc4G5mYRDE8jSApAjLjtiZj5rXhiSbGeVAV5R,39351.645449327
33HqeSUcpRQVev7W1rjUgmVZHz4jkXWQ1ijyFqrdo1k1,39259.067737833
9MXxgt5PxrEe6oZoa8MtAKBNdpmmQdqMB2By76vawMTK,38859.787655828
ABf2k5LPCPYZYnHMTuQcCUeLws6XLxH96RihPS5KeAfT,38628.652710430
8hb4RQPQs3M6ejMVdscw5HV3RqHxFevtbJbAZESyu8Kp,38539.292061432
CFvWacq7PzFp5Mv3wuYsCQhqn3oZm3ekSqmEe9jaVXxe,38405.609827023
GwsSX9ckq5qSbNRC3ZaQWr4ESiecCf3deMj7fSzhMkga,38405.609827023
ATQxzDU5wrRtMrEecqidp5C5qTcSTQpgdy2bEkUuVNnH,38405.609827023
7ejtfNMGrmcqtaUo7jEvoLLYj2RjEcyjzaBabEu5yLaW,38405.609827023
6DF1WrNsTDU9ZY7U9pKdxgtVC5wevQ2vxhsCzKv7VEbz,38405.609827023
D7ANRDpAek2CN8e9SA3XJFZDkETZ3kFwk2dzD6NCHefW,37701.067085121
A6WA5YKw9p5EBHTjDeJE7Mnqt5WhSuNK2eefuEahRc8z,37347.489101662
DZMRRq3xQGEWJBziYSU3VitJ7cLDUZP8F4A5jSshQMEs,37186.519649368
FBLM6m53XzMPsYiU7526gfd4VkBZ5VEoyMiQJK15C1wo,36506.468267886
HypGVnsCaDXMfLBQjWfdNemujpEF6uSkgLhpThWjx5gv,36466.899488059
Fd9CKmhLU38khboxsfyRZ1qTivEeNcW9HTGKRdB3xq9Y,35979.879706038
9LNPBjBcbkP4yKwSSQFic6XSEPzPco4ZyoJSH5ov5y8D,35531.684712087
EyPCmMcH4YCWxL9gF3EqMZiiy16Xg9PPYfw2ripNXrt7,34843.957295894
GwQ67cFXjG1vDYDd2jWR9zNoUDdSqHLeYaVYzwNRXo6J,34689.023305010
3aawV9RUMh1EqUr3bT5FacMxP5SZx4gW9tiXs66J54Pq,33245.927995473
D2SWfC1xRt5mFVCBD9RttuJsGzQo9GSdcqtzwyZJzGA2,32926.519496160
Ci7scynHjwaX4tUam9JGbVB9FedaXNLzS8HciMGbwSmF,32779.620281202
D5pNAoWDtoNsTtmccWSnmjW8Acug55THi1fckLNKFmn,32089.445138336
D8iu6ry7RGptQSeQER5HaCAADafHJFGubpkaXyAto4ep,30811.469780469
Dq4cZVE8SDBk9V28vqKu8qzxQXtiLeknks6QJkmSrzdt,30724.487861618
GdaxEKUS6SYkwpWhR6en5aXJH9LnXvfTsnRq5cZd9gZb,30724.487861618
G318Q8erofD9vCxp3HNMaY66YfnNUgKEwqvbCxv6YbfB,30371.174591694
5Sfo5ibr1xkh5bcWWghELo5TJTK7Mp2bzBf95su3YtM4,30073.988385221
GuNuMVxFHDGmrZkaFuB7Gq7ayLbd9xvW7kS44m9H7BiB,29389.449379885
B4c7ppV4CrSbTkWxCfjQogbheprJrehzBspkm23NuBMj,29296.857250604
9Sw1t5gcW7Uu931n998fHKbEVMSifeCGCjFEYiQ8MrPY,28963.160692243
8LMAy1cFA4kArvpgWvWqxfLJvPTP7mHrgtdEnRTe86KZ,28804.207370267
GVfREAVRaw5g2dmxpyRdyKXWS7LPcGAy7cpt4ir1NDFh,28771.223588150
AFvHuGwtFzBPrNNuAHYA7BBxNnSTNPjXSzWRviaezSuH,28583.246600631
2YGh97JDkyCoy3bNtyX72sxrYo5zsm5qu1To9ZCAMxc4,27345.009567069
BjgqhCReeSRzEBXoeH3HK3EcZYkBNGBApyyApMBU1tPJ,27323.706206258
5aWxGBbuZeYXEE8uFCar3xhq8mZYFC2UgsEaEWJZnvLY,26767.545975401
7hLAtiPXFMhUbSEjrDWNpMZMaP1WAVy2HUxxsKgrTgr1,26767.545975401
ALDtrdVUGdMRLUjoY14yPEpC7e86esbM5KFTfcQDKzph,26573.361226588
FDWM2MRDpz9Xsu4JipfGQZMHqHRMSpz6PegXpJPVQXs6,26541.031508066
5rYPAwx2zdqzFo13zUiC2cBBwE4gdk8z4Z51MaWKKnMM,25674.225187163
3fnZKeiPdU2xPDvcKFyzLYG1F29BLBNLqb7nh4mhcEbV,25560.564333960
J1wSBop4Mak3ojfpUcPMqB7AXyDZsEpvuHRZQzd7xepi,25370.362790108
3nkgavF2utukxmhXihL153Cs99MnCHsLMeXwmVUVGQCY,25317.661897616
BdehyrATnWHNCmSTigW8kZkd4qhY9dwuDFjL1sJC11yp,25236.949629078
EeJWTw7H6o5vi51gSDXEBMWkUQRbzVcioqrS8AosnNf9,25108.935511045
5eF8xFUSF7eUuEvMzF6qNY3w8ohCp73ekmAPmSUiLHYS,24781.906883990
8AN2XVfuecAyq4staGJFjZoXPSu86xpvEKLwzgTgVGwa,24752.585823717
Dwjeqz1CsbrsRdMr9E4sapSq3ucK8v2fjjEWGNpagHUb,24481.531422188
2r6rCqFJWEUWwyEF37AVxrnZer2hS6mx44AJgwZyQEGX,24211.787391609
BaqvPSVQZjwig9ruYURg2giEYMvqBRMoDFCAt6EmBLvc,23811.478092754
6hcxtAmwHsrdEnTjY3YHwbQ8TrbfNqE1ok5WxvZAsZ8h,23485.187680219
7gHHXWjvc66cK9wjKJ9KgkQuAUZWkucNfAqsLtBzdmEy,23252.642153850
7qKZjUymLKMgzHLvmQpXthC77twRv8JhMgo32zMgwAXE,23169.338485719
EvRX9yz2RPb4fPLKMnzb3EiTCRu5g2DmXLHtFnXHRNLa,23043.365896214
HRWgFA62yUYPNsEaNtCJ4JA7DtSpyf3GWQKGnqwV7Y4,23043.365896214
DZnBr92hH1TSZmSBimWYck39Aa71L4yCoUCERh6T1eHT,22999.818309913
9QoyRQH81zZB7qEVHxmcoxgvVYJa6sQADJpoKYWhiBFS,22911.044159496
BoDiaCeVxFACUKTHnFoC6vX9KErDv7xNx7BzEj6ywQLf,22798.885721254
51b4SAQueRKjzLhs8R1Xfo8WE9HD5tdg8J7d8TWqTHfV,22457.474336586
8osgdwSMdYrEUuX3FSn1dnnCdeL3pvDbTaP7wMaeebi2,22426.596338008
DzJJGqJTpZKBC6Uj1MVSexxLienEv19zH3JMhU7un1zg,22399.355266072
4xYUgX899nYjiV3FqDDa9UENGTi8RH2FJGkrPc2R1fFk,22289.036756907
87GhcdiiALQBAnVq9mccx6pAU7JWdwtfCmxwRZC1XqWu,21123.085404862
GJRxLw85mjEWJG6nwDCb5Bn4UkU44DcMiK3CSy6is2an,21075.767718673
koFfLEZbnowhfThbVZSGaXLr9BuyuFMQoupjeTESaja,19808.158217073
5QrFGiDntLQM92pR6W4jQvzf3xPamoBw6waoMdH3mXmF,19575.709444900
AfDsmeQYFynhzL8RpW67bZpnSazUeoP19aD5cCsHMkBm,19256.852360108
9pWowz6G57xBkVzgxLnyUy82ojZiLsZRP6qm53n6oBpu,19202.804913511
FECgUWLKgaBvXWosornXS5i9FykcY436Mp6soZSt2GJx,19202.804913511
BjdpRoXe9PBWg4dC2PX6FZDFgwUL31iTpVWkWrh7c8jX,19177.489687311
CACu5KCKgg1u7vpyKsxx1FdaX8EmZVaGRpdiFvCppzzX,18877.472254901
Cnsmq9j8QM6EYA9wSDWTH2c7MoEyRjxkFGwnMAtQ75mP,18827.969057776
DkewevhpCspncFpr7CBQKMPWgbaokrJsLZfLy67qfqA6,18442.929010274
6RCwXMydBhv4TWCwufJLAHtLbzAA73FVtXJSspVufcRA,17975.494098330
2awKzNj5NoBVrjnEfjt74qq4CdE1WHnfGhcvueD78vow,17392.457791897
Gfeiy36vrwmYpY9kJoVwAGYqSuc78Ad7PwLH91EokhBa,17025.905737502
DDxJK9pYBGDMPLsPxKZRM7ZwTnTgsi5s4RJav2W8333T,16946.165133330
F4gjPDsj6YvT53BrvWewfGBiRxCYSrY7Vb83wD4uv8nC,16516.159339081
AAjFKKzGWmT53VDsCw2Qjpf2wQfWUYE4vTtaKYtCCLc8,16410.323060510
FFTn2yxRUjgj79PjT5tq19UhXCTGnWy5KHhei34B2QWB,16316.599336200
7RSkCtggpN4hVRFMEWxebWEvrL1rdB6B3Js12mfPvq2b,16130.356127349
ETQ7gXKcuVwFbFqf2Pmxwy1wWsxzKz2snSWeeM6TkNeu,16120.931364850
ECae57zYxzuSjpVbeoKaB4cN1FKCJgTCrdyvY9C4W7Dk,16033.142600386
8xGFjxxNZLRYB1fgHfTvVsdvzuXaqebsX7VSxxUwJEXc,15797.492921158
d4MU5V1DxnJnwAXuhYaTuWn3GgmX6JCgXNjZKto8SJy,15689.381742419
3TRb9d5HYj5bnBQwgs1yDesZZ7bkf5QEDBmxZ9nDxucr,15570.438437344
4hmHhPwq8cP5j3qY8EtfWwiCuvaB7kzkaauEmZVUQtjD,15490.691351958
F4E7bDkn4qJvsGSqUeGmLkMJUpQXpszTQQK1MK8k2HYY,15402.001476115
9tiStbLD1GA9TERsCjANs9iMh8ASEQGc69vMhF4PXZYD,15362.243930809
BFHpSkmizJjtcoZGbFh2sbHjeBzUh2ynzsAnFa5D8Hiz,15023.362195794
GEUY3E9oZpvVw6yz83xGcJbz4LApodcQWHMYwJWgUE6G,14935.152746464
8RACNQBphNpoTALqGG2VBtK4y9nAaUSDQJrWsKaSTEwP,14472.361371526
6TB3kC6qVH5rQyNd9XN3qC9WMy82YFE8jee5qJ25MY3e,14309.133655090
GYX9f23Nft7vHMfRLvgTZu4MmFshzZRWDLr4GUdumRCr,14247.077138719
23Bs9SBD2s4CyXiR6BtsbFJTVmghjaGPuNEKfHxCWQEU,14024.320107871
7agt55DeDTChZBL5LNBiN9ayqvLDDJPuun8GqqZNay4N,13891.895553492
HbumaT4LZ6rbZqmCg5FXKP79D61WM1JRPipciKvruSu5,13860.629887078
BPAw7CffqaCeDCmQs4G4Sb3v74kKBjZWpguSL821MX7P,13281.207614573
J9yosX1WYufLEpXoUPtN9QJ3eTZnQ3z2FQ5brTmJzuWB,12410.685715275
5NcojfDpTrL9f4UDmPKV9S2ziAiHSidV5Newj572mJGA,12269.603602203
ELrs8A9zBYtNMibujtFzL1cw8DgDVjULJLCJWQdPTYGu,11804.684384785
3YmqRpiaUXntW5U2oXSqEebpUwQ4a7UM2pUwGuZvDadL,11683.013009251
5GgWRVAPhXAsFM1P2d9hdKnAusXBwQVYN5gEZDvAFqWc,11369.704970226
91VinVrQRLdYtFMFBkmXwkAFPmS5cHndQrcPPirFjJbH,11365.323772646
6nYz4FqJCQh1Qk4tgjmtJE19ru1FX75atDYSjvnzcQi8,11005.854387765
ApdaCgvkDHdky3UGDG96sqVYQXmG2pa8PwMnavAbJ7Pp,10945.799372858
Ao3TwELCZTm21GorJWaWvBxxVeYdYhnQetSi7BdzhLj9,10863.678597996
FhNJUnn1Rvwxs2tXAJPLEZKvn49dxHyq7SPEsntnQmQh,10552.873762350
5o58TvCeTiJJfncFxbnsXvwy9h59DKoB9J75tqV4DVaH,10483.394967555
BK73jLHnGRz6TCAVvjf5RzAm3JL99NARnUSykR3jbrjX,10148.152962318
4H56UopbcPSeZiewN1yQECrY1rfKDM2t65WBZMxhGKJK,10065.619622499
Ae3hzG2KRxSzhgQqrU1BUnPcXHWqqtJYatm2p2mPHVbH,9964.213222784
A54q3amPMw6KvUYvsguNE55mNgKpbH6Trrxo37VApaDw,9860.045516369
4VTDv5owUbaKEhSZ1ZdrKSBf3uvopenfKjsk8uJs5Y1V,9803.236226191
8rAtQS7yDxxpVaUjiZWtHeGHyADQDuGNdiWdLDPZ6mr3,9629.963112409
4j8NwYpEFJh7FZM59Kk3dVsA48MJVYg8cpUemSPxfJwS,9571.672281413
EN5fY1Yn4ig5mHFQmLbaTjWpxfb4BGao5Afqpsy2PA6e,9511.203658305
4cxvLReo4MgeXaMH66tnumA2PLKbsk8TxEYCW6QXJ1aB,9251.162182533
9Jdin4GE9f6T8kaRDR3SUptyPKjVvg7AmTXEzwnYj949,9217.346358485
CnFCyvbsP73s3uRR1wEPNtXbkz1rFRUHBuofR9qkQNmQ,9215.968288404
7b619eDFv7uGXCuPTeRsbYphEJCtVUKH7MiiHuUopf2S,9154.106029798
AL9yRqJVypkUDk2mNLpnkV5rroFL4GsT2BMTdbnnCoSq,9125.085887709
5b1XsBgLBTYVwFXV5fffzbM2pt3V2MBXZczrn8LyJeEm,8983.680094090
7ac2ynw54YK9t5Z5QW7M8PE9WZHUJ6EnuDbw3Ls7jM4y,8947.580746387
G7pg9ne9ACjciLhChWpEzeaPDrG3DXchQFujBsMbfEsM,8899.382545319
6QQ2nYoYPLEbwqfY4Ab6GsQ1tLr4PaWBRAgEc3TGtxL9,8731.442492586
3UXhXC5FfdH7G9HxBm8GSjJC23kkrtaXiLghMsCkjpax,8668.056652888
9LA6YkXowaZ5mT3R39N8ZsxS7FKbXZzzaxEXxmi27fiu,8538.112854685
9Ti67r55m8aw76FusM6NqGogjAzxb5sUezTePuhJ3KJG,8478.408755420
HvYWMhqZb9Rs5rvhbDfMUYPpafAegRZ1DS4BPjUHQH9F,8322.387682596
3QjXr8LN1USAcUo3PFC6ZiUY2Tp3HRDBUatF3npRtCCn,8222.442543709
HNNNtnnpkzsg3NxNiBThSjd8YAv7WTLfPmDudygy9pfh,8144.384375980
87udzQzserVPJDuRzpELorAbU5JQuTGjm7mSZcUHEBSy,8105.063825704
CJDDgT3kT7NwEHJZKujor9YiJxiYeCAQUsMSSgMA9sxM,8002.036050973
6ATrxnZciVoER7tGJqNTNh35wvdzXiC5VftLDtfEU4aZ,7820.683616217
5utmQEyPpnkXBqVr2S8GRXj7bsMUmVXXcQUJVB8iiQQV,7812.228731895
CHTE2RnrYVGtbCG32LLH7hu9aZggp9EKA4k2RuHRrkaS,7736.898048500
JBXZdZapT2zsZdri6aYWmqje6oXKpb9UoH2L8BYzoDJC,7718.452986268
3RYjFpvnx2TZ21M3sfRqKzyrMJeEePrLPFpSoUx8jjUw,7709.025588728
HD5yMBgwgSzDUbzCwC1FsYqvALyTEwnYwzn9KgNqKTYk,7681.121965404
EHSHdVYJa1bKpsDSp6M4SNbnjHgajgmpCezV6ZQA8wK2,7681.121965404
8Ls9JKtBQVPGkVUt8R2ZcgJtuNJTDZh3iPKxCT1vzU4w,7681.121965404
47wLcXzMKcJL2xgUw9x7fQpKSNfmBWEuC4zZhCjkeaSv,7681.121965404
DaMsCNkSYRvXE1zneLesdKBEohRNiGzVcPaJzH3ho7U2,7681.121965404
FE9KsX4L4y6ZzVhMYLnSsssSBv568zoiWewZ5Ks6QuvK,7559.424453210
8aCGX8C84LTumoZ7JF3eRHGaUQZ8s6onqmkbpJCtyWwy,7506.671413835
GzbNwMrkFANRHaANbXh9RgcYg2GUTQdEm7gbKzbQwdtA,7260.177064539
3xZ9ysZvJ154TZnMj7k1jvmUUcSr6T3suVGinergeF3R,7244.297875763
6HMF3L2TEYjzePb2Xx4E5Z3ESHZnb3rqAMSYvFJzRGJb,7180.212508031
76qzoUmD4JRVSs2sc1FL3K1wvckZBhwYzZHZ1oYLpy7T,7105.037817999
8CaJsooTrxP29Ue5WoLgEYEudmiy5sS3uvzSrdZHSZ8W,7038.158673102
A7131LCUkxHEyYdpGrhHiKn4APQNq9T2NbqdbsyQZHnB,7019.744609205
6cyCtS8Qi3Tg9fkvKuVUEZpX7M29xJs8FoGyo3xNCN5w,6967.514029371
7scqttptcHF3EQ8wxmxYjLaMwUvTXRoHunBDEnkKMtuJ,6960.425857239
7isY4nKrAmhnFQ15Zi9aMBwhbQpmxAPnpxCSMRfqYuTV,6929.703606084
3nHBAXNA6xGmsgYL9YMRjjV9XKAXnz1BSiQZquheETgs,6898.698302418
GKXTS1x1C7zMeezmVbyWj46AMbYSAsgx3q8gaCheHEUb,6771.577174383
23vnWaer316wyVsV7bETvdvp9qYiD7ZzeB3Hvvq2WPqw,6738.856632895
6UUt2PGTzB5aS2fywW8A56po3G7vnRa9LcJFm3uKvUp4,6689.089864817
2ptxXewNsm3F28uTHCKiHcEe5HoHg4iQbkU77T7vTbS5,6528.953670593
5ARFu9tnhaY9NbDbAVH92vJkeZ1AYQhtKkiZnftRyu6J,6487.853250583
GsqJymQJjyz432AzTFmL5WB8XZHGBk88B2sQV75JgX8z,6450.270708701
31HxBraKaRMKMcxN1dAZ1SB6kvCPhxbybrpiVWtq72eV,6383.237431792
CvXNPtpdZzVLRRrewFndNZE1UU5fU62Y174TeLKAGvuD,6374.972575516
D33cacpxCHm99MfopukdcLCtR3A5XpvxXtCQcX3VaLLa,6354.221971037
CnZyGW9z9Ri1n53JafDUn2E16PLZ3T27nYj5qqy9dweg,6270.173983186
4Tp1ffovkdKcP3y4pwqMnuyxXjbxuNQ2kZnEEYoBCakc,6267.931969939
9gXFFiN3BTH2P83cYVBQB6kYYgaQqu8NuEHgVtN9WjRe,6197.561727110
6ZBvtZyDZH39MTn8r8BFryVgerq9jSZmGQmibnva4w3L,6060.028081797
2X77kuutkwdfqHVN77q3UQktedAkAqVco7TM6h1gwqk4,6058.136272847
6bcY1WLyLwosBR6QZDL6W6fzR8RJFatCnB4PHskQKjf5,5905.610440675
AATf9BcBC9eVbAMasDSS5Xf42zuuPghJFvKk6Xgyk89w,5786.586674600
CH1r28Q1dkHMtu9iZA6FY8bw9tpssRezHdz92g67oPqn,5768.248464800
4X9g1MQh37TqQTEdkfwZvYWbn1FTj3yv5MnLE6Zoj6xk,5760.841474053
87NpUcdfznwbfD3AwmhoDjbaMF8gbh4f8f65cRQvTuNo,5760.841474053
v9UuTh349u4ejYjUWARh1vJvmU13m24bwSWmqF6wSjD,5601.258027141
HtSZHu9GgohiYf43peG2zZ1McJPirak38Z5iHy47roGV,5518.789422655
Gbryc7bNEnb4t3cxosPxqkRwDUxSsyTwjEtdKxs1KoLD,5425.879299168
8pBMg8iagSztrvaSdTJt1mupMePuBUgWjrnSF2NPn7QC,5412.886871439
Dz8EfeDmes1tk55oppYBHCMuwZsELepLgxHFpi5kLSF1,5294.484639891
22VGx9UNYyWNg65PkVdGNYSSEpdczmghUV5JwHuWe3zB,5219.783444973
7znYuBQFSof6RsAnwxxMiajRsteMEPMixw34X9oR13Vg,5193.500747781
3dkA2wWsB1EAL1kwhsevz83Raxgod6MvN2UBMj3tEKPs,5184.757326648
CuPt7EmWrkydJ3pCoxSe5SnFkKH6d3x2BWjs6cbZtijQ,5070.804900414
DP5P6iDc9QQnjjhx6fEUaKABvc4CuirGbKineYzjTo4j,5019.478654855
E81kKjGrQmZY8CD93dhXzLr79cqgP5YXc7RnR81osbUg,5016.357560846
CefWevcCKz7h6zqFHiGAYr5cYBjXJjmeeA9UhVnzrm3D,5011.126921093
58vZryhmASdpeYcNPkJNugCQdkaiyrAK3g2yHmWyqL8v,4943.412859015
D3PftbxLkLfMVhjswncg6ApFHAFEXapS6PvHf9uf8K8c,4889.044781079
EfTur3YTFiCHuAj1VEVrDwVibu4K5k9i4ohSUujMAYpg,4781.203838142
7xiqZWHXkMdhnSNZxMHpftLHTxXMTAGeDC2LwJUP8n1f,4731.614969271
6pL3h6e4rd8ehqoxySCGatZJBiDpndFtrSM3RcWNRjtG,4710.575935964
9U67xLMSJvCmXBXMucGmePqZVAD4YXmoEzndRRy6FbwM,4682.541379749
CXeDRAoFzwTKC44MMRTrHXTjyxxFE4FzVU8FbviCD8g6,4585.146930452
EvvDxMs8TEmx69gDmQfepYHRJtv38K6e4MP7m7eSj9Mf,4527.307346225
2YTEzT3bntBQNqmchAGAgNaXE2imr9xR6Td6sBoR45xV,4498.232087343
GUZB7j5uy7KYQYvikRdNXyhB3xNnLsUT9YKGdfvPUafK,4477.346904075
BmMiq5UzLCUSWNrNd21uDAD1YwYitMY1g7GkCUecx4XV,4432.115457827
CCWTib6VaNCLXu8wP3yGLpYD9agPK4iF9e5EghSMVoZ4,4342.892917276
GpQwCRWAZstAoWu43jkMCMQLuFLjtzaNsdwQTBwiya1K,4324.858051850
4pY4zYxDgVoGaLDiuuY9aebLngj9NwmuphAnRfm1VHsG,4239.333609720
EzrwSkYZGS1zPqYMysvd2tfNJ5p6d8BaqJHyTaCxiMUn,4230.366826103
Gf97g6BYvV4vZLxWDdrJ2bV3MVJ46gfSx5nBVVDzASiS,4224.617080972
2sXP9MzP867EWxFUAZXVgwhjpfMt34U16rWGDNN2CqUY,4219.501172934
7PrrBiRadmM3iAy6Ai7Y8jwdseT2hFCd5QgurFc1udkP,4215.320572257
5pUVyA9dtFX8BFWAgcBwbUzXoXgCFveWGxb8qjCf6xLg,4212.767958875
FeY3VgHSjWwTptVFsp6yhC57LWEZQK7vujCTRZJbk2Y5,4094.359318243
6TqdiQAt25StpF9t6EvvA1koFZ9n43wtQ9iuLhQpe96s,4075.037433916
4Pq7LcWZFCuaY8a8XR3zqjVqmf5B2iUyWRXoNpbN9pMs,4027.639181553
3nH1VkqoxEf3EXvXaWQdG3FXVKWZyvfrJr9u2E4dvy7U,3957.577690647
Bnj3P7fyKQWMK3DoZJSFtBruQ9rw5rPJgWeYtEAUVKj4,3955.962822051
BJmyBFeN2erHoG3PHuthojtzwdkj1So2CRvYyiaEPbY4,3949.524386470
DQRc45Q5xUsUFRBKqvcpXaMNYw1JKwQH8zC6npSFa9os,3917.497548502
3zLVzT91x47DcUkaj5eiTB4sGVg1yzJ5rFpADZLGX5aL,3868.384694853
CYjRo3zx1NE4zo4wd2MUUbCnZMsRnDRXx8FFBPArpvcJ,3863.175274740
6Ytd2VvvrPbhxWL6m1ZTzpgDrbeqsfKVSnDXbSARWPEs,3847.592452765
HWXhKoBsuMbb5FL9QrKe31nfewvsXCDz7PS1PzUwjpF,3842.525501352
fJqoHBzJA6oLzzEcnLKwvCMzNVRLMgeZjNzGduUBjsR,3842.262723533
AFbL8EZLiLTXE3vZF7eCijSNJ2WMZcGTbhpZsy6PDnK2,3840.560982702
8JJpCyetk8DvuhF3YxTdLwg8NPPbH5HjefzdGmdRB8Fv,3840.560982702
EiNh4qC7FmSDFm7FrnTGjk8UTFwJhkv4LHh5k76dFobn,3840.560982702
6c9EvR1RtvLaz2wvLY4xSvBBVWxGiBtxudkL1jx4yo18,3840.560982702
7wbnNTKyMCFvXpUD4FU961uvvSPgtvXC8meNJrzxBM7d,3840.560982702
3TLVcksCZn9etguFoK1dngTWjqs3rb3om8zgiicWfJyB,3840.560982702
EX9z393ShAM5wWdfYA9vsqsKZRRJEVrkqBpgouyi7yj8,3840.560982702
DJ8hkTKsLCNhmM6EST5Fb8bxR8X8Pan1xv3z4wfjYnVY,3797.819174190
3ZhP84GCdyFv92u7sENy9YuNnKwKx1RBQKxGBkPCi4Rt,3776.364441385
DXfwQMb9StaQn3HrbLcnEDHGAbWdvU4ScwyHbXnyirdZ,3705.474112724
7sdPa5Rc1L3zzxorABiwZhjHsduQ4gSqq5Jmfv2YTyis,3694.966689630
EZv4PSvg5Jp9vXE7bjzhBUvNozwD2i1FV5PdT2vBmqXy,3691.942419004
Cmm92gNYWtn1w5Lk6113i3qZyuiv39BZbMQTckFjFKvK,3690.259844013
8CvmohtVAdDScXyrt57W2UF5CLwoHgZVS7nkV9XuLdRB,3688.702377634
jZAtiMgsUr16fJrSuqQrefAqGu7H7bK5Pm1kPCjVEes,3685.309035739
88c3qcKynwRxvUTbsAVhkXBzx7krUCLTNSYUXZF2ccNq,3679.451002449
25oM2uHCrxHk8Gd1sbcJWvNoznk6JxWi6wjsWEokgHr3,3671.005908877
6ws53oybfrTJeHJwy1uHfKyHEEXF93Z1iDZsPaQ8r6NW,3664.880010170
6XyyhG6tuGK3LywjnB4uLrL2RAQ92A1dPfqzZNFsPZUp,3657.440248641
DXmUDYe2dByjqEaGtb6ERGkZRu2Yb7rt8zwjb5mgvC4k,3657.027834389
HaBnh91oukFWx2UuZKEJceoEGaeY1DbK5wJMmwjEWSU1,3652.213719741
9zTSHvZok7AyvaDaPe1p7UjFRyNTBz98HuqmNnqH5vci,3651.448406679
3XibwLzFy1WWbb8QCKvCxVH1j66D6iQw2rzadZaZwGCf,3645.990727631
HXvmbWb5ESMQSeCTwxdPdPjKL6QV4RN9God3oBRAbFRb,3644.512251481
BoWM5RcuW3Z24vK12FRiNLbw4SAdak9KAXvS54TwWDtd,3642.777492773
D7x8RbyTGJD9Rzm8pkzeQkuirpR2yfW66CPadVwuXGXp,3641.916471443
EThHt9Gzk5Zb6gQ22z56QpMBtWz6WhPeTXB8TVupzE7X,3640.305970800
Cwn3LHMkXQfSsSGyaYMLErpQpZZMJp6nsVsk64QP7eCe,3633.313048245
8gUhtRgQehU7rMMsvBt9WX3q3hzEgWnWrZWoE9jcJq5x,3632.707520598
2oMaUP2gAAbaE7A3dUi1ecJvrBfMByd6NwvVVQcXir8U,3631.903156839
7n6Js2NzYYdJNz5kZ1MFnCqzjxfiRgs8HEmGJmZZfyfE,3631.513663251
2cmGcxQpmw2o6bWzzGLS5q3oWHzWVqrnRbrgGvYPktaz,3625.602425115
94yppgknhDoA6WMZtMLgqCjfV3WtjNNHoD2nageMQQ1a,3623.273115544
2wz2Qh4yExB7LZ4zpFoyxYkNcpZmLNzSuAYYXSAP3FqL,3605.155240885
6NDcd1WFWv8v75oMPSrGCTnazpnrK2k6L3Tv8YZ2W4Gd,3601.709296963
ANGK45ixNTskiGaU6gjcK6nfBYDyxofVkhkDMdxW1sCQ,3596.839558492
8UVT8GuT42eSREDeRaR3ihf7mX9MV63LMS39LrPRG3QR,3595.735095075
C5YxFPNgB3k248QreA6X9u5kAMJwHaa6meekSuwnEejM,3590.485038557
GtFxpp2DqnxuujZGCrQJEEkG86crpebZKXe81VFq5WJt,3585.153815996
7FR9JYNPYUaV46cRm3uZ7HKdoMNGnFTxAdmJ7323Go2c,3576.899578881
5wv1vGZhod96YFzifUuKmXsrYXARt5EiFBkKdouJVRhs,3574.106819233
BK2VZxS9yQVhTsSX67atisZzyaCc6Faw8chAg6cRCWPM,3570.347326786
FQM8oMrfE836RNFbmsvniBbkGjVrjHePwepc4Zf6Ny9y,3568.847901215
5V2BhHUY371Urs5m35j3oQLrE6nYif6sT9fT6mynguoa,3561.000601991
EVLUNqMSQcnHJZQz3g2iRriAyMFAmSFWgD87ZSfctcsE,3500.827321359
5VmT4CNeLrNvNS2wKk7aMrpWWeigmPjJGEwe2EeyY28p,3450.278513598
CZNqkdUJ8GbHUkuzs8sbmKwxHRiPise5FQ8gKRkTqkAM,3436.332734061
9AebiFa1FVqUcux49jKE1epsj6GknRUBsesRCYo3Y3ue,3426.166540252
CrWiUDHKHKcvQv9NNdSZhqUoJyCSEmNueA42oqXCXj53,3347.444901273
GdVQwwbicVHVW2vvTseTyHgrCQagNPZzocRyg2vnXeBW,3326.377148937
HizT6Sq4hLdgpGT6gTcq97WBNjpshbPugQecccTbiqHh,3301.496268986
4hkm1Pi59UVR1wbKihnSUBoU1y8UqyFhPVzXH5kveFqT,3283.282440305
3n5kaXLSYNfWvX9CfzcsWcgBh5WpjBA4B5XvUQMkSnM5,3275.600479459
J5vxhJQcPd8xWjGedsFpsXWm1Akc4a3RjYBVNBmhiLEb,3242.013434603
agjxvuLNfwUHLBFsKyM2Wuy7Jgs7T9TUKG1Z1WfKXAR,3239.210197265
8syj5CYunR15YAANimcD98jyLgNxFogqGMq9Hvni1NFj,3132.976162523
BwXQRC4bWbrBAR7sQijWoZ6gAh5UyCnjBD159S7W18Up,3096.038881229
9ibj7dvfHXhFRmXNL9rvVoA8ZPpxjZ7mhPfonVsenob5,3080.462097068
J9Ka6owHwqJhNe8KWqMzyKnZHi5onc5iCFJkmRg3HZtH,3070.992445436
yexA51xebHF14hJ985FHZHy13Hpo5bjbRxiMVL35UP8,3041.788805835
Hbpx1PVgfSdL6Hrtag3EkBfVkETqVFx9J62Hu8cdNKcu,3010.862915588
5ZXBgx7vVjEv5WjA2VkxeE4Xt3sSy2UwJhq9hitPB7Fp,2989.782631289
5No8udknT3YjKvEpXMZBN4cMQnoJkFj8VAZfBDwaN3C8,2974.829931747
6hsrjSWEaxNfv3oF6L5GEfqzCzyjVP1Mo5pi9uycJAQv,2970.455029368
7PBoWxFybWVkL9AxxhQfpN5Fkr9Gr6m3fMrpf4vWzMR8,2969.365389492
6fFkJWBiUxBxvZGMUbSQ8kPnHJ8Hik58tTcv5kygZs9w,2922.007542973
2V3itLpgj7nJi8vRv1HgTAE8y6JRDjyJ6SEVkdnFidnr,2909.587102861
AubDpUeZk3XDyHMK2Jb28TWNADpETyisYZZ2QH6uTDTM,2771.396953455
9KdGFD4utq7DgwLxM5L1uo9hRahvyeq9gmnKX8HUXvzq,2691.474205352
4if5nyTS9LBzvMdfZ77oXPLR2AzbPpRkMpd72c1PWNsE,2667.730612909
4DWvzKmAbv2un4rE8iDVT2n5FWDUYWHj28ZVgsQbYm85,2606.457350878
J3rXyUjJJs4G1MJM9NQ3gtCHQV59wWQE7mcQ7mqF4z5K,2601.901729063
EMWu3RCfaVPcQH7fGR5WcbRguiyTpugvzM23HQEEJBHh,2564.909299127
294i8rFiYDBADVCF5Z8T1E89aj7Lo7DSsqCWvQMmd7UE,2564.903683132
3unKLf597vzEFmpFGozRVu5d1zXGtxnZGrPF6fbP3tG5,2545.004426378
3TaMb15HUrNkGTyKkb5Ff73pSD7tLb4DWirHEGQJaXju,2470.725693990
G2DftkZoTPJFtmeMtQaRbBQ7UvJvTVTJcc12EN8o8zWV,2441.998751814
49LRMwB8HRiMPmTyrHsfPUTkoxxwhudL4ue2Rk3YT1sX,2436.409023118
G7BSqqm1ipMFMe6ZQVeu94zAzUctmmNvPVMEbJq5Sgt8,2432.595852551
GMEyxXahQDZ5Pq1mdymtaPop7HSNwuGdnF7oV1QYkoMk,2424.180916236
6Jak5y34VPDigSX7AFysL78NToW2dTUmkdmnV8qdyj2U,2382.036652287
2jfscKxQqxqkk2gckD9ybt5W7ERTbQCN62FbY5tUiv3N,2362.342957403
Bpyzgeb9mBfxQqupAKsHVfthBzQkFcY6Qk4SpTNMcwui,2352.244687770
59PFxX7Uqga6skuPpnuBLQqMhiKJGjow2Jh19s2XE8dX,2308.991253751
AXQZipkffgLkjbb8SAy23DC2Bnht4YnCQb6K2QLUi2BF,2304.336589621
9BWn3uNthYitYbqeDBoewn7Qv9Gyrtf9DgLYmdYoJZoW,2205.153625533
8p6RThpxyyC4p7fcNR3tbyWaoKHeShvdgN9hhV3LfG4h,2201.892915362
D35LoZgGDkVrysKtF8jQMPnfU5WsC1s9tTnnsUSg4sgP,2196.807795115
EsBtWgKSuJ2dTZEf1ExupQR9h3kZRCtP3pAhdv139kxL,2169.459452961
2mFjJ284cTH2xae11QLD41WeNi9cMtTGw1hYHqBRc2x3,2163.766231821
3tA2eB17TRFkcUTVPBN3khGC3V64HnhkvDEFzio5XMuQ,2118.712675924
G4GyJ3wzqwmnzKXtA6vPP8dMPHCojqsiPYY1Kc4v4tZ2,2089.198312850
8ASJJDMenLyszET42n3RMXD978JEL5fvfJhoArZGRqrT,2080.916306157
3DJd1SnTwXc2utT1dzzt1jS36ECMggiUR5p5zFaFzT84,2071.379298037
DFPQJfMyMzZf4KzFHHbvo5tXWM5eF1NinJwBYf4XURtp,2048.078731306
B4mL5abnbrqoDqTbFNJuUE2wei9T5xEhT5FhnrS8Vw4G,2046.004322128
CqYEWX6ZCmAUPoyNdXoDjMgBmc78ssAyS8EhVC724N1C,2037.123351250
E8srbp5CY9qFbwgKVjaghpj8nJwSbbmgoJfVbwP7wmg8,1980.937144221
5VKNsZQbZPYN7vUZwKxfEYycNf7ALGLchjLH9ksx6Qmf,1951.054662090
6MYcDG7AdzpK7tqKU12rPHNPHtJxRMsxiNq6vkgELxKK,1932.244272805
GE88BJJcD8X4QBK39p4XGav9sZVo3TqoZvYVxGq9NoXj,1926.916980729
GP87PfhnHLqr1eQd7dpbYpe6ocGHrwrxGeh58hjvnXeP,1920.280491350
CkQYjX6vtW4Ch2VMZ6xDmKKGLdoZB7LjLavY3VTGBJJH,1873.052437177
FEjgGRJMB16hygqBRVPtki4KRh1QU29p6yuUUcRj8TZJ,1849.670733852
EPdSkQtFaHpMyvm9uaYxEuRCyaW6DyqMq8qF8Xh3qCc7,1842.317103402
C5iEV4PtZUYJfYwy3ivb8uLe7VmyCAau28gbvYwcS9Hp,1840.041839581
GQsvGo7xi2dbR1Xbp1KBKtXju9s6QMKLVTKGhepg92AY,1838.826801581
5fK4Yj1pRKwzhUc9KMBGf97YsS7sr5ZqBpsCxR5x8MwB,1814.668784140
D23NyV6wXag122aoA7miHH7N4SoheSh6ArwkSSoZ2Xcn,1791.366689421
9bLKJfg93VKKoWh8c5TpUQsKak2nJ6jyktSSiEg497bN,1786.988433680
2Je4mFsAKr8KF1KNTU8S76z9m7LajUVYiUmp5UEfmqsd,1786.215870643
46cUKXsBuMLve3nzwDE7CkRtjdjnNqVNRCqYwAWXFXx9,1771.652009284
4dSoVNqefMsjnEJin947YBoDGjboZA3fHCu8qMuHaw4A,1770.966009297
431AocLvRuPg9Y94wiSx3MeHC8HjwVviZHXnRTovm7un,1728.119849850
DWwKQNzoQay1MXtMQWgYomYHrpgbu7LaumAZtRXQe2Xm,1667.103798361
GxY6mX11dJx4q7WDoErFSawsnjjrrzstj38Gs7ADJ8kf,1602.213945431
DrU8YRSo1TGGbVSnsaZTjtFYeGCaU3Az61VhLuhrMzyh,1591.909318878
4NMhVA9itwVJYuVEWEzEHgwMbnAcg3pVRD5dCtWr6WGq,1582.255638693
AXgpxVbZCZpuRo1NFLcWJZQyK2oUEGVKDuaHBsk5gHh6,1575.162964166
2N5oQUEgFTVdvv7boETYK4RKCJvey5mcC6HgAVcC3rNh,1544.052775837
AGB5Kqw3a6AoX91A66QcFX9ZZcJgHzqX1aeDLtWS9eYH,1536.224393080
A6mKte8dEJ1ewRXZFqWVp6NWpEe8EfBLFgAoEr9CGowK,1536.224393080
4pdLD5pYUhScFRr9uA93Japcy5kuXUP2gvpd9SH7fqCf,1536.224393080
DGYCQV4GFYNdif1Wj17iE6GpTLXqjihxNXsrDF7fvtKK,1530.999377475
5wx19pvqjnirW6PPSoUSLUNko98LcpaKxYrUnxtJD8iD,1522.419246826
7do826kgwfr32asRC5gcqT5J2pY7sfmb5pvvxY8PHTVh,1514.306168468
5fN2oCjvzQGqPifBAh5XHNACVaQjN1MaDKaCNkxMxJso,1505.837873800
9K7XcRG3NZtPDS7xeQv1aAux7uCjdEyzWTMDubwpfKZe,1505.565334829
EJTuosvXHReJ3SELPcrsFGsbesMi4LWenko1QXWioJAa,1498.108390590
2G33bw2Egx5H7Kdt4pWUaTRmCWSaehARuNRJCszAWBGY,1487.610699483
4qR8VX7S1iY2ehDfncCKBGSCPdmoDa78hTjqZxwitXdc,1479.916617630
9je4CgZYycCY4HCwhnu3n11Yx5SWPoi6Pmc9zMKYGHRB,1470.647957434
BxRAx9R1XNWvtCEXSab3pYxen7a7yRSZScPsVb2Hr51B,1465.502352183
CYLkNRgc451L5jPyDRL31RGt9owMXDFTkc89zmbApqjY,1455.593124765
EgQPFKH9P1e76HnsUnnf4HceK1Me2xcVvo543yT6j93Q,1448.308462220
5eyPQ6VNsHmx48MxJW3uoRz1QBxn6JPAwoNKK5jkm5gC,1443.988135691
7qLNYBWG6PHeGhz4fy4ZgsTxZnQmjqsGeNtjL1TfwF1g,1435.038856430
BYJnbkcYNaxCFg9xiR8oFnedj28qLYpG9QStt1CtVLpn,1391.245466447
Db2jEoB4xGGEqVsLGLpdQqSN2C2kRLLNpgQ11VBuCd49,1382.349139781
6AnEkSQ8oX9JQpj6ctad4hETgY2AvGLh8yYruithzzuT,1374.865255748
GDwvycR65mSKGNPzFAdyPAcHFLdJ4Rhzh9ZvCgeLfcCb,1371.029908120
J7AeW4dXSthP67znvYrQULxvNYshZKMpPo1MbE88PKH8,1362.581496922
C4hEPMhxT5mXKenpFx3gr2XLwuTGEYhSsxzwj9eie3RR,1350.480769578
F1r4rT5FGGxYM7QiJRUBngLFruSSpj2PWY2AEVwjp6qq,1322.755585875
GJwVZU6cwCgfnFU2rUgccs7P9SbnVtA4YDEf9gCJxE8Z,1318.051759326
6aCkXx8MFXv4pSPcJh3qHhL72mkVYK8kptDoP3t7vxpM,1316.306636661
8xc2JsUiQRMGwygqcNRkFHLiNUhTf2U2ToX2pAXUnBv3,1291.609650903
CGDjKnKEzgXe7PKUbuhd1FrAoz11r7Z8yAVAhQVWsEra,1283.822889302
8mdTT7TSxjUPBf1QayYxPJpR2W88KfPkFXjKEZefrjXS,1281.644095280
9JdTXKEt5TLvvr3mc1NNmWPPUeUH3h4QExp1xMZpW3bK,1267.540680279
ARMRSzqeBHVsfnbo5SbxuTKhSSRuhj94g1H58iZRCDqY,1260.462585724
GcGFVea5H4WXVKkZNdqrNj3ybJoFphyPRUTusQqQDaUh,1256.189089348
1rdkpo1Zzjk2iZoJZy99nVpvc6BWBdCZG7VvMzAGYY3,1253.888569121
DSKA2U1jdVuztBu6PdgpAw2fiHKx9oV4u9aJS2jDqFJD,1247.834235754
5ZSqf5mnVCDgPfbvFK1UYziyi17Um3RiqLCGsWQuNUjD,1240.453711453
EZYW8Qg29BJYdF1PKiykA5mZ67Xm6i8cZSJpHX37VcFM,1235.781715440
CH2ePiR9xqZcywSv4n6odCNL84iSFhVA9ycP9HFZF6MX,1226.060420716
G56Hso4JBaLhFnvVcBubWGaKK9Bdz6Zzd5wCsTe6bCp5,1220.505932611
AWYsBokZyj9FujqPpQcrMYqaJjm8ATD6tTnteU3nQvSW,1219.746757978
DzH52g6P3EFZ1xon7oB2asS779bXjqqNPZn7pLrJV38s,1209.519166997
9ZEgLC6g4YBJhiu4UMhVVMUH7n5ZnirpzTv4fQHJqBjH,1208.980274335
AfPssZgYxNJMLnQhxjPKxqRmUBXrVDskFqLJsBszcWNm,1205.622683409
F9LfeyFeYw2JMXPsVWowjaB8FBsLvKGTRage79F9bEr6,1199.907732466
EiFJogw1Y8VVHLVxze46UReLPGKZ7JoAUy4iTnJ3psjh,1198.407524546
Bz1Pe9uZJik5ft7xFYhiJ5RqJPe21CFVw84xsxyRHPfE,1198.303696596
AZWyCkPSDyZSxMXwk4ZqGK6WZhfvykLU5D7WbKJuPMxn,1194.995193492
H3srkcraBb68DpiSBTpVBeK6SYvuniRUab3uLcVKwyZn,1192.115529051
12QP78R6KTCJj9XiEF2XGTjsSTUB8QTaWB5tiugg3ZFK,1184.191313263
GwTs3LPNtoZKgkuZ322g5hD2tqzQKgAyjxypR56sS6bk,1166.545453722
DLvCqBfq4bf1cD3eizrGpCx5dXx5g7VL6N2am6Pgr64U,1159.469857891
Bp3hanShPAcJAygeBSUTeWBSJ8dFN9rqBkSnLctKcQP9,1156.887192090
3LZJTWBYAuMpe2qiHnXknt7FnaGWezmGfs5W9qMMk7EA,1156.071840993
9NQSyy3TYHpqJivQ8TG6sieLYSKpVnFHGiYnN1utdimP,1155.885455049
7t6AS21uvofnoDnXzrqJuyzCSNVTgMg5UcxetynPKNen,1154.635753751
5aAEmBhXNyQUkZXYd4gXr27SKZG4f2a1CFCtYWHHet4Q,1152.178664325
EuFTBX6Sff4QSXnvGdjShAHfVEh2XgyoCtore2KiUnzc,1152.168294810
7FfLVGwddcYQPapfVUemhqJLG4T6mTrZgY7DaASGmNw,1152.168294810
6Hd4tvx5QHdzVzSrEomcmNkJU2pnu4dS7eZ2Q7zJupi7,1152.168294810
59AaHUkyPJzw9s6jqHq64bbG6Ey8k8nZmLEK1Cct959J,1152.168294810
8CyRMmXTyLybYdM5AwbgEyScfvgtqhtEoeKCWyfRsHeA,1134.717462483
GnjVi2sNFMGkvjm9khUHP8Fkm5hGBCGNnZw8XhHKJJmy,1130.323607927
8F2kfFLR1PS31yjj445p8WueXVxkbxSNrS3iLAaW8NGi,1127.942507032
BwXu2Gbz8ycV6JSUGrYtqnaa8V8yW1k25AFReSqguiCH,1122.238402353
7L5n2Xrk1Pg7e7kBZ7vj7PJSf2nMhN8GZ9j9CroGvJ2G,1105.898428852
AhpTqXnFfE2Ud1c63TfJU3iQSyDSHr7UMF6dhuk6fXSC,1096.123352370
9QCACxgyKHAHbxn82gSY9dCGsjQDZn6qiRz35Z6pvGE1,1093.081321816
9gNnrgaKrCq9gwRuR77nsjP9pM1L1xjwMLfBUqk9eRsr,1089.106195410
6moyu42nZMVmEzFGbqhTDKqyuit3pXQBkhFyvi4Xa82Y,1085.750204507
3WZHxFJKKHGi95rKPVLu4eEBh743bWUDGNSf4TroaJ1f,1071.803607726
8Z6m7JggSJgnHW2tzzT2YNJGtHN8EAZKhdSZZiVpUSBQ,1054.780501579
9yiwLWnanWEQ46HsZfoYQrNg6LijHxKc5WpTjiFqoV67,1052.701117691
AXXYUxw6Lr6hRzEGivFuNZZLdRfaMejjSwcALK6C6yay,1046.266073272
FrswRX8bDre7M63p1xuWaQrGgFKDsJv4mrnhKewafK9R,1030.676722374
DTZZTuurvvgUWaiwsTjfr1CWC1whWKXP23EiQxGoJR7R,1021.666741044
9EQbBeg83u1iYqFaueGVutSNvgbLqFXVQXmKCa9wgb1N,1014.527339184
2LnFu5sGMLXfFDPKYsBPgm4Kg9qd3fudYyheDWHHuCpi,1000.858815287
FB8QrnWNja4ehQCCr41j9mrbbiDKHA2ktQV2uxSNc9cE,999.760630334
5281rjz3FJX6ossmAMbf5NyQUw1HFFY4jVwxyQzv6jV9,998.545855502
4vp3vkXJkT6XT5stzCyCmJcYz6ib3H1DaA7cMGNi95CW,990.259847548
EFSNpd7W1hJHbNDnFTixfvcY6KagfnDarq2fmi6mjhAt,986.167109467
4XiEbw3277oeJumLjMcfZRmKsDMBQQGs4JUK9QTsDHso,967.212057312
4xuxWk7uUas7SbV8FqfDZz9rrhsnU7vBmPDVDSdTxrAT,965.204961813
131FGr36obSnrZwSp7AFNqdGixngJMbieoeqHg1b1qcd,954.405163152
5gL3cYUQywZmcnouvxfP5spZYB6LusFHbswaaP9btzSy,945.797280322
9AP7B95NZKpYVyxkT21oG22dCRzVdyNGCDzzrXWERgtt,932.242275338
2wS4pyZdvKgh7xw1N1h5JaCVjFYdLv8bsoFzyU159ric,928.388642980
3oxc9twfg1M4LniW4hNXT5wzyARFHAPjSKpETfeVw2wC,925.217097617
5hmautHT4Tv4dA9FVn6XQ5EuEsGu6EytcGqv9GcB66Ev,922.292150444
6E572q2mR5HQf2FH8ypehAYczqjrXDFRWEukkXaBDH7L,919.679170952
9evS2M3eM6iKsjqHHyiNddgVMhL4M89ycrQiSStzxycK,918.288436555
2bjjd3dRm1sBuVApiKsng4mWftYxgnMmq5GpMF3FYQkC,916.821811843
4LduK87Sd839h8Kcn54Pdv6pfWFasUqd1EFHvBKuTdod,914.977803757
BqtmfmJAaCmovSZNu1jWC4joXdzSPBgo5zNoR6hbq6Hq,914.829441758
74A3NPK1x2dbCr5u5RH3NXGMM9Vjec15ZfVmz1YSqW1P,910.853722079
DVqAr8n8tKk5kd6pzdqeWgA5LSDLQn3WDd8vntLoRCZD,910.732402653
4HACJadkg6sitapBaqTa7c1CZn8uzdWDqngV7B9N7Xpw,905.480318739
BvP99pkaZ3LVcKHcWqLDqtscxHCyPT36fkA54Z9N6pY,904.102194045
9Szp5yMWdt4XG3gLS9dMYWcp94FA9vHF6nAuo2pXKmuA,894.684671408
sfibG1FCBxEjKGnfyMXtg6Pvi1xaWa7vb289NCSic8P,886.951831929
3akZG14Q4Tye3YYk4FrpDNfi49dYZrGq9AG9vUT3zuKS,878.656356199
Cg7qPW7QsHwYGJuFdiLsDTNNh6RLJjAbNUXijN1wbSN3,860.086139754
9SCVtxuzHuDRyxi1QXvweZPkbZ4MeRwzHHMS9vf77emF,856.647239679
Cw7btZCFgk47pjq4bpdvZuS6euuJGhrk664K4FeRm8St,854.963193993
BupRXPehPV1EgbDrEPGw9RYGS9DCw6MXRoSKgp3H4kf4,836.874752542
8Aqi8BchYp9GQgVUHgod5PArXGbJB7z3zzEc7YVGa7Jz,836.340508699
4raYg43HgwXZQZSMudEssPYGkdagDj3DZqVCdYtDmu6g,830.789287030
DRRPmfceT3EQeCw7ezLFZYkb5GPaD9yELZLA3tsj2hEF,829.473572893
GaqcNP5feou6uRWob4gFEaecRnP8GLR6DvfSkP7EqCog,828.734966589
5oGuPJ8qVstEVAnWm1on5uE4pxrDARKJnY7keTSgU6HS,821.045005861
GSFGbBJm4cZJq1zTTWyfKESUjZquQPCUwRwz2nr8nC4x,820.520390020
7GneQH3UiU9DYRW9Ede8rEfwRkHzyApni3CLPiNqGmy,813.478100087
9sxkzW6rv9xMqeEzp4nxDQRp411BUpkUALSNb4dSahT5,810.397179069
4RAfkYZhYpoLTGmPKkjPcY8rssLs6ZV7Zx8U6z6Mpw5i,810.069377920
3g9fGXSK8FDwFzwTy6pbbatWpoCJoDGy7TB2EbXa4Yxz,804.589845651
B7b88cjY6hbZv4jySde9rTxMB8WjWicJe7opTziqxkk9,794.232249283
3mFYPAysDfgcfGkqyJY7iP2akqQwjEG36Ar7Q4nXThDu,793.545815173
AW4qLRxyEmhrPw4n2ZPhehbFHdxMvfogZi7ztHR7PQMq,790.759993393
APCMwsJN4YEhCedWVA6iUcAMwp1VP2XVnvg5UjejsowZ,789.760463796
CcGkeo2dHkS3po2WtUea6DvhH4mmrrCFwZ3ECMwGXBmb,789.736734055
ET3uECSSVrbzVPj2YBcZTNZosB6t1Te1ZErTwSSpdQw6,789.586145853
4uaSQkrT11Q7C9GVxyqRgVJzxXq2xhspASaYd7fSaKRq,781.844890446
2k4q5gK674SZGaQUDwXgnmjRyu8ft8SNaYJQDDDwQmiM,776.567191543
79s9M1HYNDE2wTnXYnqcB158ipgZHHTHox9WdtGHSAKv,774.859294074
3gxCvfgq17F5ojh6gfVFESyG8QdTmiovrrqmzM7ryo7w,768.112196540
7ymejtnn3g2YnL7QpSWsVfsDzqAhsPA73KNKN79JWj38,768.112196540
59ZxeqAfBzrkekKgNTVZMTwL6bEX3HJL3YDzoxSYq9oS,768.112196540
DuAsT7rXo5KJtC7EeeMNEbP5aj3ZRhzaBFMDp11pzEnC,768.112196540
BysmAmy3DUeG816bFiB7ZrDS19PXf2TvVk1tX5YXS5G,768.112196540
7FySSrChRXDkf8snHnknLNwKHkXppf9KkBMXxTjiseeq,768.031928815
F525dTjg9FR8BpPp4Q335gzXgoNnWNqPteUGA1c9KdpE,759.743455998
46RJEemUMi5jZ1HzptNhhYWvEVMBCaZgc6uSsMLSGYyJ,750.160808453
C3Mq2HVgaak4Q2xtNzeMBJiQ2DXZQ4JgFmNZbaZNVEPG,736.701286928
CQXM1NHLy3Gm2tXN2N2X8xheGxDaFMnAhcMsE79LbHd1,731.251476705
GCLhxPfmx2189YqHy8dWVVffm1tvarrvv7moU1ytmQjB,728.013305625
4Auiwy3sHj2T6Wx649dzQHfVdhiD5y6NKLBK4kVV5Ass,726.016959777
99yAF2JG88mHnkChW2SRby4K5SUBPwuzpo5LmUdj3jF1,715.032776125
D7S65iFKkhuY85Kkm9SCagMvA1n4EqDB9F255c5VFYB1,714.866496063
7DC4vSfzvRkYzhBg9zEgQ3yqpyNDWpDQJjM2vWpP5drW,712.089754741
HPYvENYF4HhFAUnTNTacjjfecNiBRN64xKU1juP3k5sD,699.526955605
35kjkCQG6oSAsPSYjjVv36ThoyGzo3uHV3yUzmLBTU83,696.387777446
6df4Vr4LojXxUt5z2AcYEUshzRPu9M6g2HFCec4JU4b6,696.375538265
CtH9ie8mDYbdvJL4ir1nzG2xhyNKjf3PcuiMdt3Mu7q5,678.059045655
EPQ9U3vvRHgrRKi8ZGGyWo5Ni5uvesnVVAAAs892TMzq,659.639919215
4Hv4KUAFqAu2LrcYQ6jd7PV6NKEwpXTzgkAas4URV6Wo,658.282677746
AD1Mm3tFiVVV1EpwGDRfYm3tg9KF7ng5X4ASivgQVLqB,648.212062788
C749qVAZTioQ4Z7Ja7nDiAkgMNy2nHER59LApkhNBezx,648.145976332
9vzQBJNYuZecTSvxc8eQJqCmDzPR35WuQsiqs3JS28uG,647.469038446
3UMgJ77Dp737EAxSnq4WRk7qrfUmWQQLThWuYxLqnKKC,647.038916042
HPTRuwTQKbfmq6apqJKy2pDxhyftheJ4WZeiZdH2ucU5,646.259239758
BBDzDe9WePRkV7BhUj4nYUrfhajJvw5hy4iXx2FhxKgQ,644.916817867
2j2AadZmWNvXDmAxwnbC4u4YovnYJM71GHbmSZtnYtqZ,641.572703617
8kPkcThwjDp324kWjL64XCZ1h7iXt2EsMQ59e2PgUwPE,636.051739636
gm6KR1LzcpVeKxN9Pe1NDwvtan9dmKaNZ5xxsMokdrP,635.428389486
AauqPCgKqDbGRCaGWtiR82Pa8tDEXyuoyYJevKReDYn8,631.061843652
DzvfntmtcsBpv7zGqdZf5XdnsiQ1my3xCc7UqSXPYUAf,628.925736986
6JKqn99gBh7JibPy4gehsxsrxESAydjMd6HKMpBR3MrA,626.853923170
HYX2a7WpabSTB5d6VwvmF9oz3upcv8rpNjbrbbeLhkeK,619.563036823
DKeJiSRRyLbSezyqSCTTdL7y7APWPtpZsywYGvReybrT,616.422932422
LiDHJXsRPaWNu9XCpk4g79eCLNGgzYhJUUwujCUQS78,615.923321437
EMFUSPibqdxMSdPiqJvpgznGMYZaUL3X8dyWDRmBePVL,614.028728816
6W5ytXzxuXaZtb5Ht92JPCnWfhThFE42v2bPw4fYeHca,609.781030232
Gh6qh8kywtH2woMya4LxVVGKTpi1JffshSeXNhDdYVN7,608.757612490
14pxVyav5s6q5aiv8ccinuQfdDT7MDfXFLDGEbYRgsgL,606.151589248
8dWVQa4iPQCS2HWZDCMwpt1isn49KRPY4Nm1sV5qBdJg,601.911602034
dCaekApye51Eojg7wozUdKY5fgsPzk2jC4EXdPteVg8,595.141011001
HLnfeyB7bqNmgJLqyhXKSTrP2sr2hiEzyuKW53ZFBGCW,591.916497804
5azernf9dGYEkGJkMMdSGSzXZu6W78NbvuWAqnMPQTat,585.634286339
BtvGL8FVSc755QmyBiKPYyxSBg7wFC4AEXkrphM7iqUX,581.847797407
D4mpT7BPMCg9Z8ChqAnLWdw7x88YW33xrmXQCRSogG2v,581.144078449
CZQb7MQuXFmQJv3xU6mrdM7Vaef3ahHcXrGTVniF1ruE,576.084147405
DTaWDGPuFdsvuV4DHZthoed3CHqR332T2uvQ7UAqrfTJ,574.114865280
6ME9z2ZBLNbuR7yt49kNfhiy8SqmvRM4UXejs322o7mP,573.416019309
GGee9pdxyhutUYR4gMYFUmCNssZTVL4gZ4JCUnXNZkXx,568.636839902
5TGDRb21sRuShb93iE17dC6TxQM9kbY1nJ7cGrtpWEGp,567.611718249
8HTtvXpqmKW3eUi7tifK1BCtjpAWkuK5MqYXiu9V5CyS,566.794217492
DjgPd4MNKVVerLUiWYQyWwCbWVvwHM2J6n26Tqn3ob2m,566.761079078
EifEbomKzkvtGr3ZLCgXaNVAbV6WzXPDjqmNgLAgWTj,558.827327269
9Myr7tkbFf7twQgKzc5QRJsP7xG6zNP6crQ8LPxiLvHf,558.389676772
Bf8ii4rYhjA1pvJt92SggyaocvMa5KjexE6vfrNm79Mc,551.030794787
HViFCyKuMkRDCnw1pfets3ZRGvnUmRKmDvzFL84N1Rpv,548.443194803
9Brd6ABe9vSmx7VzGrQAxvyszw26vsg4z2NMvbXfAfB6,547.550177513
7jZMLELCkzVJkKbKKq4Y32e979QvxDXYGXBmwcttz8MK,546.896801971
H4UFpuyGpWWPj1MjfAJ2YHE1nv4RBrEiSqyqSvyMGaSw,545.963908676
FxeaUpmxni3iKj1mU5dNNZdBejJXfZgpBLP8Y6QfALRM,535.822387441
H7FytKZiPXofaCWyAgPJH7RojeNLroYQyzWuACX5RfQJ,533.813781061
BUn3bwJM9bLtxfbSXnzoFSVV1J1udX7AfpXMXKc4CroN,529.850839032
GgcAWi5WQ1EsmT8Sz6ZZFENcGDo6HGaPW19UK4rq32fL,528.853951299
Hc4sa9DTTJijDwBzUn5UcSAH151pAy5Tpp3NpRF1nmKi,528.236216505
BPbneobwXi8LVVTCuBMAyvHGSJonUqyCVjgBkR1Hbucr,526.476586074
2J5J9jArvcZpnF455bxkzx1hL47oTu9SWr7HTQ26TMbL,524.641710902
DtTZj73LrrTQGKuxaQaqVKFshkzq2s4nwRJaUj75LhTB,524.172225993
59EcLTbM3rYjhkiBjsxV3w9hTd68aRNizJxVNN9DxdQP,523.768561564
21d6t6DQhDwX8pwdLP6ZGPfVo2uhsMeGqTTsmVhG9ufv,518.561346396
7J3CVepSKvv8x45BK7nVWpb1c6NfsiMu2quwP4ebMY9f,517.786711572
8LHSn7EjSXYJaKej2LRin4cVKVF9pvBie2k38s9PGahW,513.076464147
BoCQp1JKLypkXgoU4RhbAP675hEh1Fb21CErPdneACFK,512.265601155
HndKtxa9AnJ4ugsdDoG39Bu6V5Z3mkxD9WMwP5h9f4oW,499.272927751
5ozALjsycbQqQcQXDqgp32qia24TxrozS5HuX4NA4Qrn,498.860914453
2UZmgCkWkHxjvbkmEWKwqkQze97PtqcDJQUUBjeQALU3,498.322027809
HP1haZDNuSHJupCa7cRyPBSkoGQ6ydSoSwgWNe9nXyS3,487.777860354
D7jzciijtCYzUCZYzuL6ovRXUjLazMgu7rM3kFz5CQ5w,485.611976365
DWoqWddMgCCmVEiU5GFf59TwceyM8sQvffLbe8Dr5BVQ,484.406623709
4Pz65AEQgVndzS3Qpo3eWNdJ15bwJwietK8wkzAnw5VM,478.664783163
CF9becWjRD4RX2S2BoZAVhQQFkcFCAeHQyJteYgthe51,474.411319509
HoterGiKgTg7ZuocT6JqqUuEA2wELEjW43DeyBX57pXN,468.554279409
GvGEHz2N2o8sQjCNLVunRF5HwCiWr5S8Ek7VWgkKhfrY,467.023154036
CYmGeVdbXmHPFivJ5E9y8JeEGHez8APNnURug1VRQVCj,464.061453478
F2XiGwBmzjmM3C9apaK8hrD3SfyC3xpeQQGEN6AmGt2r,459.917320131
8fiNkVvWMAaWRYV44BJjTBHKUm5oRL4VjLQjERXfhcDq,456.672825131
HnVmK3nntTU74Lf65sDkZ6NyLkn4LfjQp8bDeXXWosGg,454.918967190
4xrsL4Thqwn8NrkhqKbyyfTFGJszihg3vwMAJeTaWr22,454.653941469
EvqruRSsJTkUhGazd3Mq87WDCMSbm7sswgF3ihS52MH5,454.053901759
6teMBXPfUihpEiNrLKNaQoHtkakWTCuMizmRRLr5h4ND,453.846281519
3baxuQT3c7wZamsfExzMNk1RKQ1P94CM4rbBn6uqXnsF,450.558154962
4BvoSUt6dyq1fjbaDEiN7YoQaEaUQSPFXZRomySWtt45,450.534357564
HebubkD46vftWooiQXuo138Vw5M7armrpSpfirH5iFyh,447.994428019
EWqoWHKTuNzYaFSTJcQ8HDCgCp1NZ3ddw7LiUYxuFm7W,447.330899490
G22fG7PPUAaUyYtdWdrKMynywiivMRD9p2v2QGN1B4Zq,440.043961311
CnCiRSaidWHCCBARwYUQU4C1N8wH2mebQ84hKzhVkQmw,439.583697070
FjKVh9h13NYAbQRGXCnJohjRLkVDNXmr6enUj1VvoDSL,438.313581739
2HNnnLaJPnf7AvQgZK7e6m96L4yX4Vt61Nt3DyToa1Cc,436.512377181
5HBH7vqDM5XTaharC3RrieDaW9P4D1rhEHeLYucMXwFx,433.868387609
Coq1EUh2tfzRCjsnCvE2CHi4t9stTY8zrQeCjGmkvtfD,432.718496241
9rsYZ8DBkcWsHEpNyZcvFJa699ANb17uhXYLfy6cFhJP,430.921704251
CazhuxC1gTTyCQsMLBui6gkvXzajhtVFDxpN8nSKBxyy,429.629230826
3eJrQwrKPPxscUemSr366f2ZkHEB872YFh2meyADFVSu,429.621970197
8wuAfXEsMUCk8qWBwkSbYAvRTyanss5v2P6MpfEt5oWM,424.810133569
AZcPngUELQDrDKENRZ4gRgDLHmT7Qxk4YYuPqDZjxGnM,422.699438822
o9DaUD7qBiHcUeE3VbwzPcfZmQfkKADn5fCtHethup9,422.461708097
85t61rX1skQCnbMQ9usYsv41WsfYNJhVNjWbYpTkAJJp,421.486205607
2sos6ScqByPUSQNGwEXTmQw4QQTeju7kfy35PZCMPxsA,420.366163090
F626UmPLTZwfvzoaQEz54fBvSZ46f9yUJG6TqM9p3vrn,417.799267064
8fj3ApFZmGSArWyBiLLaboPfSHqNxAk5q3yj4BZvmJ7V,417.741820408
3WnJ4SKfC9D9PaBVZigJ1mnsABbKdRYdTxLh7y7rDkq7,414.328604780
77CCjzNWZiFhDq9B3JgEef9oZZJHWUJHanTkXNqNAdbK,408.116388493
DuwZefjpiBSJGjXEgzF91NRzumcLnKdGfDVBJM9GVgTb,407.945989808
43L9f7ChWsuEVNZjEQ7R1MSAFLTPKVeRE9nm5TGTToar,407.834128989
Bn4yAKDydnSW6JgZxZXeTMvGJHb44Kx2akgA4BmVDMoW,407.648314518
EEWrzmuE7rMemQmqtBQu5B4rn8t1bpnVabYjDJNGcDLj,407.315093927
HKf5t8rh1DgnFrDPneoTDYEygDExa5C89nVVnAJeo9Hi,405.586556725
6v53XejFBQhNZTD2qrd5VDwhki93P4p2JfHpuFPxiVyX,404.887814740
G4d2grK9giqhqvLJBaM9sHWKU8KDUo3Qjwt3yT7PiHQb,403.694320359
5i9jyKXFgd99k6hwbwX5j3Yq2EHgykfRk49Eg1m4DUDL,403.442226462
4EsvooF4EtqBz7RoStFapAZ3p5ayQcxwQVdHC8NrAvBY,403.130452534
C6xr259YHmac5AaduG8Xv8RNF2ynex6pPLUTJXGvCB16,400.880410409
BEL5N3RK8keZ4ZUYGNYEif7LQ2ctUixeCV9XYEZV1tE1,399.041897806
CSvQbgn3KXuEnaB47U1puTCcLaUNjqcZCFpnHc6ei2ka,397.382367982
6YjHxS3b52eT4Anq3JRy19vq4heTWeFycG725zVdfs3a,397.208136742
BvwfApmNT62i12tGwCWyKbEqUXW5DvJ8jBQEa6dxeY8o,396.209361084
AkrkM3ztVouA7Li4cRVTTRwhQkrMKFbRZ6PSxcxXxM2z,394.875406928
DxdpprtmMSiG9pWBfrKyrNT5dM9A2uSg6NykwPrJdFDM,394.088062506
4t8PdeTuyBe5PK2DrzYbuteWPqi7DKPFQiDuc2jYBQJ2,393.354537451
AiyA3WtJ9iz3HgvLZtnrPuhPDM1zmQ8xapccnZDQGCqs,392.842149630
4Y3KDq3WtV5urRKuDCFm6vtqnaoP4xRxXkHq5ThSdK1w,392.815531162
ABQXSmpcwLuKvTwky7yAsUbn3i6ugwzNaiPg6UxN29ao,391.282273017
6BYpm23urAKuqmKEE74WR9pdfw6swvAxLWvYgWEKsYcz,389.095584598
7S8qJf5Kpxo2eCCZX5gQNgpyvV5mQVaw2uv77xrW6EyF,388.886303822
D7MpB5zTaoZhzqHZu45HhvPyr1ZjMvXrPNx6zahf9qzp,388.761126928
EunStNyuJEVpWabyQdNDfjwP34H1wpqAVmwwfgYFimWz,387.844310062
CpUX6zXqv9BZWroi36wLakXHpBYEP9H2LcnZ65dQfDJZ,386.709695435
5jy7wSYxH5oxHDgUdxvoBkyYCjZD4DtF62Fwx385oddh,386.572254804
FHzAh1EvrRjwwyViGVuDg6i8SXz1baeDZngkmjHU5ct8,385.562009903
5d5mE15btzReGUas7U1CdPWHVzbevPUAhqW5f2tMwkjQ,385.317734619
6CoCZD9UoPeLdKKWv8ycXU3hJrzRBmg3LVzNesf56eY5,384.056098270
52JnG6LppQRne4esdbViWtvkgfmk8gBvcPy5yguhqrNJ,384.056098270
Fzy2va11HWV4qk5SCx29xdazVxEwKr19aW2TjHyKdfZa,384.056098270
FBmhThtNCSEi2FmM5ai833b9oLRhw9dzjZFGNh2KcLGA,384.056098270
2XDKy8x9X24UafaiSW8ZAhGKxrTRbnBCV71GMmrPe8sy,384.056098270
6Zo7uaFXeTwvhFdHnoAi4ft9EXmKnpbNn5j6sP3yB6KL,384.056098270
6DCA9KY9um4fziqSWabX9n46m8asArzwyuiLwof7rvDX,384.056098270
2tvDLW7xM74knyjfHVyJE3beaDT57ge9cfYNYY3JRRU7,384.056098270
ALAjQaYvpdqxCbDz9c9YQpUBYkHoWdavaSoevCjLErnt,384.056098270
9BxDcAhP344F7UCTkBTUBTd16c8xvsqj2ML5RXzHAwX8,382.822807379
BPq1cQfQeqHxXDn84kf1KZDZtZEz5JRdmFFK6QWxrDCs,381.417712198
Hf5miRL5e3Q3hGbjkc5sihoqbysYLAMGWY1z86Mk7G6g,381.176117240
474gvwGQ8creaqiz2myDj4cCJ616NgDAJWgVtPgghNBh,380.218640012
BpgBYa3HiG5tPNWwiDe2nXP3MNSnYh9wYQbkbWXPiHaB,379.427704146
GdUFXHHtjbUrJyQnrCWSDsS9kmdybJee9XUQpAb3QgHM,378.197674542
4gzgXE7EYGoBi7kX8CgcpJEaeoiQztgN4Gznr4xBhHZb,377.793353842
Hz4jMj77Jdz7uPX7pfBgZvtijwiiS34BbJZJVMPPgi9c,376.550849738
GN49QxbN4AxEg6FXBN39aJUmUR4yZYgAfzwoR4Ha7shM,376.545489594
9rowDd47ofHZvZvsACXNq16tPq5drBic5bMEZQBuo2PD,376.323724048
2i9UnDF6cErKqzMEEXLg9CthXmeVhtiDBN4rzZQhTePE,376.043308098
8amPsHTddn8yogoqZGYkmWkZvtoQBx3jyL7HERhbTBnK,375.047369430
FsY4WEDEuLbdg2rXnbDPGVKpXvx4rMAvkuTpnFdDRUmH,372.949858786
6kWo16ubr4pNA9JktTW5EFda319UdiazUzxYGfPDHr3u,372.364854192
Ee9vwxcgnW8qr8JHduD4Qr3knnUsSEdUKRN6KesznCsv,371.590029146
EKPU4uZzdbsVasoYxGhz4WGi2kCUKfLsdzzjL6qmf9qs,371.517661058
Bq67SwsMkKVYqHxanx6yKeY2LS5dYGyXRnPWw4G75Fc,371.098294237
7JesvSqFPzcVQ5kugX4knsKjWq4b3EkXKYe2KAKcCgiD,370.879339407
57TvFMwRL66U12zpPJyLMNJjJ3Pq1tWcDotSnsoQMaXi,370.583410342
5MMMd1bdmSRdfMkMMvtFmJQseKS6pTrGTBNSJWqKhmDJ,370.472032683
4YpS248kWnoj1EJC5JBithxwmw7zGnqBVHkiKj9VAqyz,370.184737500
3o7pXSVEWEEfeSZJ7sPE6eQYQpKzijZesXwUebKH9vbi,370.086545023
FcpY3NBRdAMKcL4BLFBZZnE2V1Uwj89b2PWtaFUZeiPu,369.995780254
3r8o5qaUYURmZfDcQdN29b8cx8V36YaBhbiQ8BYoqgKh,369.259185743
4xAEfXsDZiQ3Yu6772uTmuPmZNphZocv1YwfxNdsPxoA,368.943174842
Cyc8DZiM9U4emQfdK9rqHXQ8RS4v5dyR6quPzXEi1jwC,368.588471868
HjV9zs4VUsCARaakLkZ6QqmSBCjk6ZxZt2Vuwcs5g137,364.854568225
6RJzXWmsHPFr4kbiFgSwABHHHHv4xTVnUsM2irWThNCj,364.343966019
DEPK2Wo2kq6b5RxihN1ytcQP6Jd74drkzcKWMkdm9E9e,363.699401258
7WbRUjuDGspGCgNAuYJhYMhZdnggiBRrQJ3ZiKy2Y6gN,363.246208521
2FV7Ny4vkFuNeb7yQPisrBrFWaKWoa4aM9UNoPkhpc3N,362.799347933
djBmN6atY7WKEBUD298S7m6sDuAfWcLJApF7owwyo22,357.107900183
Ha9Tyj14b75JEvfVQx7o173CGFp4v8R3WrN1VBEh3EYC,356.861833428
92oNqCtVyPd2JEexdeAPp9ZWsXxyzXbYJbfRys9R1whL,355.103163312
Fk65Eezxfqv7rJHPWM3DKNuQNnovJZifsvpje4KazuTQ,355.030326238
38xjurbTtjfkrvy4SmJUZneMDeX7LMC2wRPyWSvrSiET,352.473589378
12mCJSXb4toZgueLoTC815vqFbThyXPCu394XcnsHDrV,349.946956021
441vU6zjMF395bT3zvxKQpVYXG5hvxGW6PxKUG1gRwgo,348.662221914
BKxfpKhiNXBAJHN1aiNoU8aQEcv5urjctagaxhaAkh29,347.791593734
CPxRt8bh1ShyFn8PePWYY3WYfF9Jwjxp5CtXRwaePmWB,346.267291671
5hotMrXMb9kA2yYwkiKQunXjbUrMy54Jq2JjtnmWVUDm,345.846357053
8rSqPfXZLfkmP9DpjqikQhXtADmzFhfa83FZ7CAVmvCV,344.403141280
BzgougQ1KaHBrsRQ3H37Lqo1vSdBPT3exQksMwLFa1sj,343.897337753
ASXQwvJV8sz2gjR1Z4nLrdwJcTUiJm3uvoPX9J3bBYmH,343.695549625
Hf5EbEmQmVSDixjM3XPokrADJu99uwjYsfxUZccRabcf,343.102040226
A2KM56Bd1oGLDubTHmbE2Gn2mk8JkGCy1BsnYbNZk1QZ,342.215451242
BRy3ZtakqzrYz2HzMQZX6xb3rimYcFheF9cgV29tzhma,341.615042262
91c68ShzLycjkdMYSp7qsKopVVxAo6hqAFKyEiinn3Xf,341.379229036
5nN1FgymabJeknGCvFB5YjbB4Uqcvj3J6sLZtsGrvXyH,338.012381841
869FujjeN38iVkXQkaN7AvXyG9i6682gw2hDkEA1veDH,337.692010785
By7NyyAbjJtDRJfhxUXX1XgoZcu27ucABYWdaXhDZW8r,336.765653654
aLJnbhGVgr8ifM5CRGD2JRp93Vheyy9ekn5SwhDPc3Y,336.531536021
HxvLuLQkuLXXDnGp7vSNUgw5cV8YNvLjaSP6pu2Boy1t,336.483903231
99hHJDRhh1HY2PxtN7HxdCjpWhMBjYZVYCESgo1KswjB,336.099534925
8VTPKJYUYLY7nHz9MMCB78dHzrtZtatSBfZDPf7eMzQv,335.708329871
6ipq8pYWTFEbG5j5DjdK8rZZBxz2S6nQCtp3kwYGM8yL,333.951821942
5nFVtrhHXyaMBFHhXFYfLmNfbgUWuToy2q4LDpRrWU7N,333.540816970
DyBsM3k3P2pJCH33MspRTX65ZrhjYFPa91w5xAUZ7Vvm,333.172478623
Ezijug6Z2TPdathLswuHBeCa22pWsP5RLMJxZo9CL9sa,333.152460027
GHtPkbFM61wfk6BugfvZcS5zjNqjF2VPgsBFGYY7GRk9,332.788437374
EVzyRaobkap7FXGAj5VvxavWPbPmRZrw3Xn6it8hkSsb,331.540075408
EjZ2oYocTZMVCtjjMviQwcPDTwrmnzJZDrnMVhdkuqdh,330.722753476
HrZahdVPHG888mbnwH6c555NpDwGXYkoGZKxqkBkUpt5,330.681682225
AnGfkX5Y1EnxT2htZCgY8g9Nxmoc8UYku68iT7RHARwr,329.834649034
Db3pCbDUvNyb6yqMmQRtxbvgENoqU8WMugmkDZVv1huH,328.862425526
6sRGaKKdyH4tD8eQHuHNyb87oKNzQDahuWjFvKEqA7tF,328.820205839
CYr1rVvqEb8njaZHdYxHo7cbHPN2RtqY3sXbXZuoZJrH,328.531800637
CG973BQKNnvDdZTYajmEsbDNpRcdJ6rJFhBiKzYgN4HE,328.447825671
5s1QQLj4MYexRtYo8q87bUw8o6az9AiArfqohqK78ujc,328.292323908
EjkBH1RgtP1RJYZb2ML9Bq3fXex6mVqyZqMn6SQgtkf7,328.002706014
GAY19XWeLYvmWTzRUDV5CsiQntEsEsV5P6VGMCDJ5tQS,327.917218659
DtYC9HnAi4Wy7PiFaK4g9LWp59fzcWvKgsa2MVoc9eJv,327.438103558
GnmtH2MkwQpEvEFRtTpDgqVs38AJojQymDKnPWshUnkJ,327.416407500
4k7DPBTH2ZbnjY59DjAti8y2rQPGboEBQmEjTEbXhw6E,327.362974666
6d2UCC8sAf67Buf8aZ8WARzThWNDVjWtCrM3jbxEWPch,327.030603208
HkjqgMFXDuRcRYQbmKFPwazXmJifrapECdArtRUC9WTJ,325.391804104
629X3QqusV6Tgfjh4Wg8qcToBpMs3bGoKC3JjguvJwHy,325.177986982
5vTGqQa21PpLPoHxQukY78u385G9LghrqUpUVeAeKVVL,324.689730619
J216hnsmiEj4ovaxcYgAtn8G4P6gdiAqKMmuKeA73GMj,324.108955198
BhcSJ9DJR4WtE9ezLiegMMavdqGJ692S7pMsB8WsLE6x,324.015126312
AwyWskDYxRB4pyLMGhaorWokfCgVgheEzYy6smQdmc7a,323.217247443
EAE95Cv5YQEQ2ysR1jqmNBSDWHsqJkuT6bH61XnYj8Ws,322.031308882
FuRxrHfeqfwG43ZW8wkH1gDNLmPxGz8icBU72LMNMmiE,321.293038669
47MD7rNqBqkFo4wXHaJKGRbkzbnFDX6iomv8eEcgu8ET,321.047964474
CJuY342aqm2ULmBa6hUERtfHHn7yaq3qkPPcwGrspQxg,320.473503075
AvJ1nfczdqHJ3NBDkgH4bfjyJn7tveQK5SNCgMn8HJMP,318.351805458
Grwkok3WE76Pmpem5KuApqikz64C7cp9VsjwQ6wuhq3G,317.863318944
GUXZhC9yPPNiH5sSczVYoM35LUPakaKddYYVeZJ8Y4H3,314.769911614
HMsMFJ8oXmgizHsnnYJY6hPvSSWaDJvrvk7BhbTURCYs,314.728211690
GxuLomiBMNwNNx5AU2N8Pkh8Bn816huVDFHU16SQSGUR,314.397779515
AYfu52Fae26zNUtWdY5jykELN16BKMVmCgGzvfntPyPo,313.504645783
6cJwzxJTWY35zvqRoPx2Biov8BZjV8jRjHRnMymRB1cx,312.503656925
CHBs4xyY6sJGy4Cze1HJfhSUeh6NTkrT94ZG4ykjAHeZ,312.485981204
BKRfdsjHhYAxCANYBS3hcyrbjM6oJoKHpxiTid6KkmKN,310.006026970
9ohNZs4a46HnCWaK4ijP1vbFsE9VZEnpPhEdyoB4wz1N,308.316745154
Hkxeq2CbcGb3CWtYwfqiVjgfXMT4XwSCQmJiMNGLVsac,307.485962390
2HKLuLqN3MxxpeGQULbmFE7ucrxb7oyAC2TP3xyevhnp,307.380323251
5U9uVuBBGeh2xYUcqRro1SKjrQqY6tDuYKJSm9USmR2G,307.244878615
9YL5fz2BcBuuU511RZ2cw8nPz3ayW25T2ZwzTSgWfXKf,307.244878615
6LRuoCn6LSsrBct9kP9Eu2dim7n4xfbA48W6axK62hYR,306.450128426
FBmYniD51ioRxwNoMLY6XmBRbwVEKNeLm59u4maMXAWR,306.114304143
GZqVtFFQryaQnev9gTdKBY8tH4Ny7ahfLuNPqX9fKDgV,305.409470525
DgNhvJknXkhFdH6Xptz1LU5egnL3HzLaA3W6mENvapMb,305.376346039
D5pwQi9uWFUGmacvQ2MaYpjMC5pTEkCzXjQXF8PyGiTp,304.757644727
pXK2ojwd2JA3NdNHrHC9QtLFWhkBB4oDreiyNvjCShi,304.598892273
GTYtdoQ6n58JGVs3ZXPFPCQBBuwcSaSqFoeu98KW9pnW,302.825111513
ABDMtjCyPEuftE6sQfqZUHeJomzzbmVYVftC9Y9C1oTL,302.539359872
8bPjACqgWByytPnti3nAU8U9SPCVT4jKuqVKwPz5jZWZ,302.292165798
4XNp943FYRcbUofZ7JwgETs5vvRCRTEYx3YnyYpyRhC3,301.587167261
HompCuUoYigLLxkZySZznqgFaitCRvS3dgpk9NVG6G7s,300.621369239
Ek1jayFeshNy1b7UHr2YKQP8zD1X3TCu4rRgsZ23kHqG,300.020877838
A4tnTBhNubc7USZaLvZXGJRd14rLmH9EiQC9v2D1ikqD,298.656445396
CFNX12kn6jrBvAWcDz2X3cMeUqCfVNQZSGJkPV1qhS7s,297.821182717
6JLQdns4o1Cw8jHwfRuRscCkmEXBtRc3VDPz3bHPGd6K,296.919063727
Gym2e8xtPXatkgz2wKkfa4a5Nrvd1Ds2683Pj8o6GDdP,296.534666000
3HCgVHh8SNuD6Q5QKJdaingoQz54TZpxNTrqhAwfSv7r,295.962288142
BDCmVYm1WDvzKhB2HKLjJ7CAsfhSxWTn7cbDdaqit9M2,295.940531807
CMHrW9acyENhUVcQFWCjySTbC1Yof7GxdecUXdH9aefu,295.825952520
36eHWRFMWuVUY8FgxyowbQV2eStVRVg3nSVBXCfpcoDM,295.608262887
2D17ktA9S8rMbHkAGuCjAQZS71iADZs34NwMiz5Q3jY6,294.323910283
7joNizryGX1aqDXQnJ2esMd3u89UarXnA5ChzgYdFwN6,294.277955887
9EQE7x7rkmyuzzDS2Z1qBPyM352Gzmrdn9rXEegYVZBd,294.113473099
6AwoS8Pk1N5XYsweeBNKojsMmSrqNuDCSWSjgwMRuJ4R,293.802958765
2ErQgTKHfpxHUXUxxCwSLMAe8k2EjoX8os5PC8DtYdQF,293.040259287
6a4HCcrCcvMVXKqqZDZrJewMLdVPBkeMUFVJjBLYRFYm,292.773606606
8ERCb9UM2GUEhPtaPeBLaa6wrhmxHEZFppCngvPBveP7,292.555864630
B4VoPkw9ESkEzTdV3C92RHaQmDYfkMhNNLqGr526QGyM,291.108870567
28JvHkqGJgBAmZPGTB5TSHwMvw4m1Q6YHGpUe7mYJDVJ,290.848732630
HDEGrBFdJoc64giM9ZJXrE3a79aKySm62RsZsBJADsw2,289.021900871
BxLQiMSQuU6GG6fKGMbSiDLPYLyd3uosKqBZZdUU1HuA,288.073760978
HY6mymkDKWpGbVNC8vzdcSHvncyYmxQRiLhdAYGFLpm6,287.452241052
9k4Ebzgn2DAsn63VswFrQEUHVYLteBgZ9v1d3Jh36DNf,287.308733083
4W3LM9cyf9QwA7uykJfbhzCWEkcPMCdnv4wSMmnFL3oS,287.045847978
VHfin3xkGhR2MN4awgJr6Hrw7Lo8MjSE7goEdhPc7x1,287.018154330
2yEo27g7fqUJRjRrVse97ZS5QE6yQgCwX8ft8DqXxvqt,286.941984750
7xGCeLi8ZwQ8BXJBQ89EJKVHd7AsdGL81Ch1TYxqsnZr,286.580633499
3cGFB2PBhN66Ak5Tvq3WTnX45zVMTvj5NrodZqiEPCLG,286.123924025
BKNhhg2fBwsDdXbqvUsVf5y7zEsCgFMXvaLy6Jfa9PpM,286.018766510
7nSqy7bhFJuXgsWeBT8M4P2CD12SR2BsKs1zNW5xpmM4,285.771881781
Gzo3icLAuNt1pT7gBb8pLfwS8YZovMwdXKKQjw5RpA46,284.881109690
C7Xi7veh5rn5BAy7MnxNxEXQa3VfPSVbVk9Yu6EH5Gmo,283.725838127
F44mJjt5WhYtVmS9LdVqaKK2vQkzwzAaQnj66jhWQVC1,283.169806731
FeDFnTuztFvdwUVKjMcEKb46kjQMZUXp3rw3ed8XPb4o,281.955475453
EGTsm2XbbhHHp64i2DLWmT8tH7JA7aKiPfipeTxgSTnt,281.633488229
36oLhRxbnzZU5Us4GdG9QRSGbt3HrnAGLjo3q5ufbbeD,281.122173402
4Yw6cKqYPdfq9RDwB3c7FgaMnv2dpME6Ydn6Ec8vyLQB,281.031933012
3H2aDhrrqXC1NE6oVoxSfkKUU8fE9sLbNLZznB9t1jKm,280.266150396
5WERPU6BmkcVuSpjvW4kTLMEYMQpVJ7xGnFA9CTdjJyA,279.921096478
2E1aLkuWUPE6zAbhqa5NWdhrgPjUfng9byAQk1cBLTEf,279.559790381
698XVXEuaaiH9uJm2ZHcojwb6VHeB5qcUeipZ2vT7w32,279.269893598
w65LFFuMRC7U9h1ierU5eWbpiptTa2VdRor4gxyUWxD,278.819152507
GjapEJpvofZuUa1wtqufSJ51o2PsrfMvQm4jPWWq1i1q,278.578507020
CXadhwbZFRij8EBJ6mhzKtN8KTnnbuWWjx4oj3vLdm2G,278.458433507
5xGvQTsVYQdZJCEGAdmj3aBxGjM4ZiqTwFQ51fedEmpY,278.227367637
7zfj88FadVQYBbqQgZX391XHKHSkVbKuNhjXxoVNm4Nq,277.511591883
3oEewncohhas9MDCaWtp4aQQwypLiWfCtyYHt5uuEmGv,276.319193792
B5qRXrWem9YSBHJ3ZtLec4waNPJmsL29N5eovrZzRX2q,275.419210222
7Pr8vBuFvhb2EfD8REXE9wpQ1X897CpzDyePeyX5xsfm,274.725076242
BwxbeoCXAtTPLy1g3DW1Uzz3xBZ9X78esZTaNUx1pNVt,274.518498844
BGCqCoUu2ZFTY18nWHWqHdwWyWy1fkFKCJ4zkd5UcF4x,273.981339580
AbDm3qTHxDvi4Ro9Cjwks4UgJY3tTJB266TpuBy3vxu2,273.853998682
2wvJquR5y9k3pGpJNBVbAjBq2qJENtSZGptxZSh33Pof,273.532587480
A6XHR3Y2amSoCLHETjphahnELoZUpJicVEZnzixmdTsU,270.112279195
i2JxsACLU291ydsxnu4kfhmopaBS6Jp5HpWk6KYKB7M,270.074436805
GnnqqYfdUbGpr7MakVJhd4nCdvx7UciBn3nBxLr5cox4,269.278778727
43TwEy1ghVxHccGYax7cNKVihDdNVuAriRmr4fvwq562,269.250565911
2sYNhdmmYtLJKsNuytrJspKwhj5MH6RVpZbArt9PcYPi,268.635059475
3DJusyxqPPoKm5235nqWpuNMxC5C5peZY72aLSpcUpYc,267.414445570
BDCotmZKnUvp6gbPQTiYqG1vXLwiFtwLVy6mtLtBDDfG,267.146607595
6EQXKxrxYiLsJkpDDCmkzGDUggKZyqBYtjEAyfA5NMPc,265.660041130
GXyp8BBM81rqzjQcgQouZZa8sW7q7s9Wg1rafXMz7NyS,265.574047169
J4BAUU8smdsRCWbNsDZN17S6drcPNqs47dm3ib1f8QFq,265.142517813