wallet,amount
4AZctEtzqyH1ZWrriVwpit9oDooGyq14uKH53B3Lae9w,19308407.096281
FLC999yrvNvzK6XHZKmEZd9p1pg7D2Ewr129pNixyVYY,9029455.584364
CgBPXjisKfHnw5v368So3dFFcK5YNWWByVwucAR2mb2t,6003570.812035
Gg1SxudNLJXbkPVBmrJxezwKxcRjxUgm9i7sYYBzypuv,1912944.163760
2YXaesd7pqph6fQyfvz2N9YKKSCz1i3TmmaFA2XMn17s,1530695.129377
8nPdXXTETAmMtbr8k1vRVE3E2b7hE2UNSur2YEy55fFn,1376537.307184
CTpd26RoAwGQ4gnqC9yvNAHxwJTRhnYRDkWQk9HSst7X,1008645.196941
BPNvdLuUxdbgV2VyhcrhbTAf1WZSAddFYqWFMmBuiF5n,955111.172005
FW5vffajC1wCb1ZztC7bNMQhz3rKy1jKMBqvU5eivYrw,911135.949661
GffvQ8LAQ3TgiSdCnUftnrs9mCCV93gUh3v9eE84qSTE,829458.994324
3wuQFjCDBPZoMxkoL3xFqM1ew5P4kvRuj37ea8obZD1E,809395.165441
NkNpKowCVRAtpa8VL4R94UAuvzt6RPqGA67xv56tQu6,772963.068983
8jGS8x6pifRiQ2dVddRKt5yyYynohAwc5TRWhQkS4AL9,746623.300964
AcCSyMvciEHwU4BzQuRvcFnMeojo6Do3A1GPKNucVukr,738555.194477
HPsULU2Thf6CfSdomre2K2vDpC66Kbp4RYhjkaKAcCJn,623529.812709
5EF2myRGH4LF1d45hYcWcH3faMxYBPFFTDMwfrEMNBcv,611389.449888
J63sUXiEwSU3DerD3FQhkyfLXzv9zw9JvhCwnddwZi3c,565481.022066
4t2UPUnocvVgTykYAqERg22YM5BesR3TJMgdeo4Humoa,546922.556875
HFnpFZPHN5nTo3PsdbFcQ31bmiWzRvHFWb1ze7zW3dD2,538372.107396
6XfGv2t9tuvsfp92px5b48Lzcjitru8im2APGLaHJYEJ,533183.062693
2G5DjtxGU4AyJvo3c2FVKxvYYcRTrb3KVJMVeFMmttnY,524008.306707
ATRYp9WZj4V84xXYa3HSTKN646mvtAnYybAwjCwUwRQ1,523417.586291
8nJ6BYrdTyjocNFAYui9aMSP7DtQtAbyLVbX3ZZLtjX9,515921.248129
EcX4LwyRo4FRNMLZu2ooNMAJD2e9iH4jsAYaoh6fDgUN,448685.771935
Dzxps4zhsb6RTtK9pDSfFNvb9eakDhMWnJ35EZTJxMUU,440321.815550
9T4gstpR6iZLwcFCg2RFDy85VQjCw9W8hR66jiSds4Pa,417487.132436
9mL5ZCRHFyyWVAxAaBYavq67Ku9NbamnVoPmAejxzke2,388122.452867
8rZBAFtvnKz6cKRTL5uY4KhmNj652CaPww8LnnUmJJKk,387368.634833
3JchJfRToa6xC7VHBM6goapGQpwnXz5ZZfZQGFrvBtTL,386041.909174
Ffy6pvPKVXyGWH5eAKcu4s2h3u8bugvRnGBdBefAKADi,354023.880722
qje3keHqiZmJjmJ3pB3AjdWV2BfoMkpGAsLDbrNb597,353151.868751
2Hv3fHS46Jxgiy16jm9aF4GpaWeLyZETTqD9Nv6KuDYK,346405.451120
8SYTeR6GqUSJSrG8nRDyFbZhU25Kcp41PPKr2UZzxVe1,296002.123645
HT7LRFZxrR4dPqSdZkZhLaBf8zwYhkb89Zd7xHwqD8Lu,269566.119422
3GumXW8AXcQzVUSLfDeh2myKkD5vciiG8kW9bnkiZvUm,266794.488738
BW37GKdGcMLtvx7t3aqPXqbfkKujcCZG3jXYTgbtveMU,231053.185464
4fz4Z6rPbnKWdjGHZSiRkaTWx8NpYLmZ35gEFdehqGgo,216831.548169
AWv8NZxaJaaoa3qG23ToAtQHpbRR8mfZY8YnN5cGPFyZ,207843.270672
Dc386eft7NJiYvvx8HBRbnya9BTnoKbnJnbvPK8xXHcr,183706.236617
2t9RDnyW4WTp9RGF8XgTrptKVH9E6C3Ey4KTZJphS5hM,182465.430656
jeuX4q4e8fHMqyYg7yMP8T7mDrfbYTFdpjFq6bYZkcq,180876.995713
ALMCmcXoYakYPtoJagiuLkuShMXhkCit1NKqQkfdsMq4,175064.667122
3Sn9V2L4GBSZJwri3B8cqjM8gASGzZBVUvzKBm9eH8vr,173202.725560
AeNUAG3Th4SgBPQHDp1GQHPZY2VktrH2aDYTtRpTCage,172588.259164
2J19dZPLBTQzVDkqfUTfUnPeZVGm4n2NK3RebG7GUT1z,165934.470358
BgkwHgWvWYrbEH1CZoaoNQTBwvYbFb4WwjXb6tMripLA,162982.377257
3MjSKJ5Wzq1fR3gJHyDczdrDdhg7B3JnmZuNQoLKWtaz,151615.326042
2dJs28aFnBoaVDaSxj4gJcchY6LUpiEaCPDUzN93xwEp,150500.666471
99qftkCuN9S5UKLmL218RR94D8hwPoPk5QBUDAk9JwRc,150290.530377
DjzmJzosLNa4NRKMh8c8fpRrHyWNw69S3AWo2WoiUXUx,142578.371107
3SCNVnpMucoTHa4YtQFWu8JNGNjBdG8JjXJaRzgKDB5N,140625.443855
CBXa4QzhYN8an9fbWfjMC5qtHTDgEJA8hmg76zu6irdn,139491.023710
47tLesdrznTPt4JdhjRxs81w663TYdsBy8kuTrHmnnEb,138562.180448
4D9xufExq93DVh4jz4SP8VHtxdRjbhvy6NbM4nUcT2Mk,134504.883990
4yqkePYfJs1VrfWE3Cj9wHNTUHuDPoHpQ2dgpMiUsqew,121141.421196
a5DdVpfCNchkr417fp8Hf4MfE9BCa9MsGafPh9Eh9xU,116045.826125
4jMMSCksWKyJ72XeNw34drasUQMvL6mQ4Epnf8PDqZNa,113746.572801
A8QjWrQaCAaF83C8U8JpQW6SUPKqmYQDqYrFMP4ssKNb,109799.933289
F5rheKoNRmjZ3usUqRw6XibvfNA65KYgdNcxEPvsTw2B,108759.522781
Hp1xzQyeMwryXAZvobHg88xPf2jtu6wkn5vMKJ2QdDyK,108605.004214
FvEMtMXLmqKbYn4gDtwpaYiowQzw3Hos1hVuuQCPxx2o,105770.858483
8dSdLtXJyyJcayfAtgijfpp6Uo7ERiuxJPi8cgSxSqK8,105626.729567
6PkngRWQC1HWqmiL9XeCRxepuGiEYEtSiqfQhnY3xBHj,104854.418097
7omZRr1n1aDLxfsvpcDi7oWgWJHaGcR3oZMwJBAjXqTC,104583.267345
83pPEjxsrBqNXpgcrew8moJijzemJynD65U43Rm58sdQ,99628.724717
DXR6ahTZuuhB2GUSoQoSy5mYzi4V7qcchpdGtj6etHgF,96548.108320
BcyEvv6yLKPekqBYQUdyqzrCRrQMZG8LZT28bWzagKAT,95776.850785
BaawJvbyEMiGLQZPGzuFy7Vm17wTP55jcFqiugCAYSV9,92399.970624
HdgewnvFDzxmYkmsUnQW5DF24LP8oqdU9bZKauL5LQRv,89508.502539
HaMy7WhfkcaJru758tdn7nWkek5m8J2FVYciRPSXKL8r,89496.656052
CdWVeSZBTBWUsa8MHJEoaumidYvwHhWuuMfCG4PsVHCz,86800.209208
FoQS4RvkULhSu19NKfmgu5GhzE1VCjEggbtvXctPwrp2,86303.884674
8GPQbSGXujunhY4eV6nquBSDxeYVGGx8mdJDKKe5Em5s,85643.486599
GF9EXtqFiyKJjT4CVYUN49jo61VqAYpDnnGmckhQWrz1,85359.363764
4qt5X7Qpxpn6sQE1LTk4YuSQLwvcxGno7ahoWyoHAdJC,85151.961668
3xvJw6bC5DnoefGfoHVQzoAZL3cVFiqggegHX3NqgPdJ,83338.204048
HoZYEiKdXKeBnPmSnxXSbEN8Wb2DHiMduP5kA6PBnZHb,76503.852455
AbK6vSS5gXX8uQEFuKYs8mFqyZwqMwXc2z9MxxfS7pXN,69678.445544
EXXiWfdYSDwqGUU4jye5qre4jqsELhaFLH7MxpHESSR1,69463.134602
9M9gBZiMJmZ4fyH3ZKN7q7TDfxGbWP2KPXNVXDuPbSG2,69281.090224
HrWniXnCteSk4Uz3ZTcEy1kY8dVYcXSimEUqALi9PEhx,67981.983497
BXbNLSSvspU5MoWemcdbjUxKYzwKxvk93cVZg7ab4tKy,67960.073729
A1LHfgxFE3PDm6QvUZFCyViJHZMc5pKsFipX2ctdRFhC,67824.820112
BhstCWgS6g3b9HrBycqK7tmyQSY5kySTXD81i9zy71Xu,67247.898808
9M11KxZfRsGoqUqXLDvAXHtkUYJ4QkW3JLmvrPfnt6BP,67073.080834
8eHxr4tLNoWgQ62wkgkp1ZL8KjX63K9EhTJc7xpLc1Xp,66507.752428
2xCm8a8g3xiHRuALWndo2UTDdPvo84hnzYZxW1akESRE,65786.397526
4mV6kbb948CEgtV9eFwHcC5QP1W9XD7rCvAcP5X2XXUN,65614.442911
DEdbqX3x8AVNZBXENo5SYMzetcfNzqHKSypPV4ah2Xpb,62514.072093
4Z1mJZMtAJ3Mqb96b9A64Pm99LToBQYxk2cATGC8uwXZ,61743.225499
8MWWADcws9jtcnv3dZ2QzKGGnzBsaeEFtABJ4EbM2g2V,60662.979887
7jWNMeYj4CChukpRXaK5Q4w8jZHNRjfWRutRuXWun4sg,60632.187777
3qkPZP9ppEwFc66qkHvWy1vVx6voS9Jo14konZUbbWRR,60021.957900
5RYxaid5pouMukcwxWPKGsvjovADpbNUSEwtE6AG3oQX,59583.260420
2zgwTSFyrfPXRjXUyE3Hxobp9j6oqrEC4629n4rVv2Kb,58618.280622
4re1h1Ag7UNdosWUnAonQ2UemEaCiFij818KxZZ2i1FC,58458.139309
Au8FYkaRiANdHPQkH3wzD1uEEwEdfZPZzM4yhMhM1uJg,58359.766127
HVQRGjMz7aVWJBSv1NsWJnawWRU9JzMuP4ByahXrJEBi,56078.410223
GFLBohUDFWHZ6htZ7NAUXtvVGLYoxBhbLmoUh6BRjeqf,54569.481660
6Tp9sbpTuff87WKgNuZPnV9xXWzcAtL2aPos8vece1Ra,54223.466107
AZ5tq7WFnAvAqhs3JZybw7dRwL8ZYJJ553eZhdRZfino,52810.898745
8ne1NnsdC2Dtn7392CxqNyrUnHkHVos5tXKwddCSpDDY,52307.223119
CywBS9BLZLxdfX4w4Zsrc9RD9TVzXKxyQhgFShKRjEcq,52238.359129
4LEQQy7AC7TNyoey2QtuxvB9PgfhiMJYYDsGjZtiXf1z,51960.817668
FCvDzi5nECuBScht4wYFiyKU6YUfHKTnGY69e3mRhhMT,51960.817668
9Gf5PKc6p9nuG6vFcscBdsQYu6snsouPwfYjzcepMVzC,51466.618195
8umHLaY4JiHnCjrhLVvBi5rTLg8VuyvNMQ7eE96zVhne,50377.338440
z1hdP6VVT9bBV8wzmQQ9tY6ZigRcXyLW4qitS18dwKT,50005.929271
33NNQx1hQaJhVXPLkeeD8VsmpyGMwgswZ26sTuG26DkV,48496.763156
H5eaKXTKhWidMoFKbZ1BUwmJsjCZbqb7bUM2Sb2Cc3Cw,48496.763156
F7SRtWpcEz1HBPVoBeyRXMPhRe3WRqHnSiwW56f4CnzH,47492.703750
GHAYNfx1MhDX7Ho6EqKhiPRqJhLkahqcqiMaWF4LvL22,45618.104216
q8qqNJqVAMHwakRdTyCuTNUgyA8E72RjXByc2b1awcj,44100.766823
9zhjAgHrzyy43JETsYNR8XRjZmCLwu6A2VW1YtpuZgXX,43907.983106
9Ca1o7YVbRmB3gVzyD2qgHbpkL685kW8Xieej7EMQcBb,43816.560778
FCCqwBQvU8Zw362t9BreNaFhwBYzshYWvevXKwWbw7HV,42164.471303
EhPo89gh8nTgncUs4KSNpf2A6WP9HkjbvDKEcHNJYYHS,41953.460525
ASqMdSi5JjWQgqsxX7m8X55QMFopd4JWWdakyBkvBYX5,41621.192756
41J3gvQeSQWF33ypsZyaEsXAFLh7ydJaLEX2XR9ExpPs,41568.654134
74aK1HkHDKbWTFgW6wqgUEspmAARXDahrmbrWoC6dPBH,41149.677974
GmcxS21vfzx1fWZA6tz359yWtsTDVdyRk2j3k1mVrPXz,40656.354150
EMLs8byjzjtBr77q6CKTAbvXJTAniFsNMcLNH5dNfgAJ,40306.952459
Dkjt3M3PZrEL4Y8JMNRgfwCPrLQsqtxK6GtV5hM25VE1,40215.233278
2yydgk4zArd12Vtrk7NFdpUKGWEgw7sd3Eax9tZTxAVP,38454.503675
F9gSiBnxsAX3XRJP64abPADcRy89D14uKYita7ZY1RZ2,37479.696524
8FpfivHaQWWWj817fyWwYKymQ7CfAwc5fJw8AWAWFV6f,36748.550314
BrbrLzXAhiZS3g2EbJmw1T8QhKQVhdUjB5PESovPowki,36372.607008
3xWihn8MzRwmm3GeudVWqKdDM8GAt6GYpaXjbA1BiNWe,35789.985698
BHcEnBxqc4G5mYRDE8jSApAjLjtiZj5rXhiSbGeVAV5R,35493.836852
33HqeSUcpRQVev7W1rjUgmVZHz4jkXWQ1ijyFqrdo1k1,35410.334926
9MXxgt5PxrEe6oZoa8MtAKBNdpmmQdqMB2By76vawMTK,35050.197963
ABf2k5LPCPYZYnHMTuQcCUeLws6XLxH96RihPS5KeAfT,34841.722156
8hb4RQPQs3M6ejMVdscw5HV3RqHxFevtbJbAZESyu8Kp,34761.121910
6DF1WrNsTDU9ZY7U9pKdxgtVC5wevQ2vxhsCzKv7VEbz,34640.545112
7ejtfNMGrmcqtaUo7jEvoLLYj2RjEcyjzaBabEu5yLaW,34640.545112
ATQxzDU5wrRtMrEecqidp5C5qTcSTQpgdy2bEkUuVNnH,34640.545112
GwsSX9ckq5qSbNRC3ZaQWr4ESiecCf3deMj7fSzhMkga,34640.545112
CFvWacq7PzFp5Mv3wuYsCQhqn3oZm3ekSqmEe9jaVXxe,34640.545112
9n3SRU1zgHV3ZSvZc5igYDLivwM7RyRAZarctU8vaM9j,34235.193426
D7ANRDpAek2CN8e9SA3XJFZDkETZ3kFwk2dzD6NCHefW,34005.071681
A6WA5YKw9p5EBHTjDeJE7Mnqt5WhSuNK2eefuEahRc8z,33686.156446
DZMRRq3xQGEWJBziYSU3VitJ7cLDUZP8F4A5jSshQMEs,33540.967511
FBLM6m53XzMPsYiU7526gfd4VkBZ5VEoyMiQJK15C1wo,32927.584449
HypGVnsCaDXMfLBQjWfdNemujpEF6uSkgLhpThWjx5gv,32891.894764
Fd9CKmhLU38khboxsfyRZ1qTivEeNcW9HTGKRdB3xq9Y,32452.619596
9LNPBjBcbkP4yKwSSQFic6XSEPzPco4ZyoJSH5ov5y8D,32048.363057
EyPCmMcH4YCWxL9gF3EqMZiiy16Xg9PPYfw2ripNXrt7,31428.056474
GwQ67cFXjG1vDYDd2jWR9zNoUDdSqHLeYaVYzwNRXo6J,31288.311319
3aawV9RUMh1EqUr3bT5FacMxP5SZx4gW9tiXs66J54Pq,29986.688759
D2SWfC1xRt5mFVCBD9RttuJsGzQo9GSdcqtzwyZJzGA2,29698.593229
Ci7scynHjwaX4tUam9JGbVB9FedaXNLzS8HciMGbwSmF,29566.095167
D5pNAoWDtoNsTtmccWSnmjW8Acug55THi1fckLNKFmn,28943.580819
D8iu6ry7RGptQSeQER5HaCAADafHJFGubpkaXyAto4ep,27790.890802
GdaxEKUS6SYkwpWhR6en5aXJH9LnXvfTsnRq5cZd9gZb,27712.436089
Dq4cZVE8SDBk9V28vqKu8qzxQXtiLeknks6QJkmSrzdt,27712.436089
G318Q8erofD9vCxp3HNMaY66YfnNUgKEwqvbCxv6YbfB,27393.759617
5Sfo5ibr1xkh5bcWWghELo5TJTK7Mp2bzBf95su3YtM4,27125.707834
GuNuMVxFHDGmrZkaFuB7Gq7ayLbd9xvW7kS44m9H7BiB,26508.277088
B4c7ppV4CrSbTkWxCfjQogbheprJrehzBspkm23NuBMj,26424.762158
9Sw1t5gcW7Uu931n998fHKbEVMSifeCGCjFEYiQ8MrPY,26123.779288
8LMAy1cFA4kArvpgWvWqxfLJvPTP7mHrgtdEnRTe86KZ,25980.408834
GVfREAVRaw5g2dmxpyRdyKXWS7LPcGAy7cpt4ir1NDFh,25950.658591
AFvHuGwtFzBPrNNuAHYA7BBxNnSTNPjXSzWRviaezSuH,25781.109785
2YGh97JDkyCoy3bNtyX72sxrYo5zsm5qu1To9ZCAMxc4,24664.262376
BjgqhCReeSRzEBXoeH3HK3EcZYkBNGBApyyApMBU1tPJ,24645.047474
7hLAtiPXFMhUbSEjrDWNpMZMaP1WAVy2HUxxsKgrTgr1,24143.409988
5aWxGBbuZeYXEE8uFCar3xhq8mZYFC2UgsEaEWJZnvLY,24143.409988
ALDtrdVUGdMRLUjoY14yPEpC7e86esbM5KFTfcQDKzph,23968.261993
FDWM2MRDpz9Xsu4JipfGQZMHqHRMSpz6PegXpJPVQXs6,23939.101694
5rYPAwx2zdqzFo13zUiC2cBBwE4gdk8z4Z51MaWKKnMM,23157.272070
3fnZKeiPdU2xPDvcKFyzLYG1F29BLBNLqb7nh4mhcEbV,23054.753872
J1wSBop4Mak3ojfpUcPMqB7AXyDZsEpvuHRZQzd7xepi,22883.198592
3nkgavF2utukxmhXihL153Cs99MnCHsLMeXwmVUVGQCY,22835.664191
BdehyrATnWHNCmSTigW8kZkd4qhY9dwuDFjL1sJC11yp,22762.864489
EeJWTw7H6o5vi51gSDXEBMWkUQRbzVcioqrS8AosnNf9,22647.400137
5eF8xFUSF7eUuEvMzF6qNY3w8ohCp73ekmAPmSUiLHYS,22352.431513
8AN2XVfuecAyq4staGJFjZoXPSu86xpvEKLwzgTgVGwa,22325.984920
Dwjeqz1CsbrsRdMr9E4sapSq3ucK8v2fjjEWGNpagHUb,22081.503130
2r6rCqFJWEUWwyEF37AVxrnZer2hS6mx44AJgwZyQEGX,21838.203251
BaqvPSVQZjwig9ruYURg2giEYMvqBRMoDFCAt6EmBLvc,21477.137969
6hcxtAmwHsrdEnTjY3YHwbQ8TrbfNqE1ok5WxvZAsZ8h,21182.835189
7gHHXWjvc66cK9wjKJ9KgkQuAUZWkucNfAqsLtBzdmEy,20973.087086
7qKZjUymLKMgzHLvmQpXthC77twRv8JhMgo32zMgwAXE,20897.950029
HRWgFA62yUYPNsEaNtCJ4JA7DtSpyf3GWQKGnqwV7Y4,20784.327067
EvRX9yz2RPb4fPLKMnzb3EiTCRu5g2DmXLHtFnXHRNLa,20784.327067
DZnBr92hH1TSZmSBimWYck39Aa71L4yCoUCERh6T1eHT,20745.048635
9QoyRQH81zZB7qEVHxmcoxgvVYJa6sQADJpoKYWhiBFS,20664.977391
BoDiaCeVxFACUKTHnFoC6vX9KErDv7xNx7BzEj6ywQLf,20563.814320
51b4SAQueRKjzLhs8R1Xfo8WE9HD5tdg8J7d8TWqTHfV,20255.872940
8osgdwSMdYrEUuX3FSn1dnnCdeL3pvDbTaP7wMaeebi2,20228.022043
DzJJGqJTpZKBC6Uj1MVSexxLienEv19zH3JMhU7un1zg,20203.451528
4xYUgX899nYjiV3FqDDa9UENGTi8RH2FJGkrPc2R1fFk,20103.948010
87GhcdiiALQBAnVq9mccx6pAU7JWdwtfCmxwRZC1XqWu,19052.299811
GJRxLw85mjEWJG6nwDCb5Bn4UkU44DcMiK3CSy6is2an,19009.620878
koFfLEZbnowhfThbVZSGaXLr9BuyuFMQoupjeTESaja,17866.280509
5QrFGiDntLQM92pR6W4jQvzf3xPamoBw6waoMdH3mXmF,17656.619675
AfDsmeQYFynhzL8RpW67bZpnSazUeoP19aD5cCsHMkBm,17369.021502
FECgUWLKgaBvXWosornXS5i9FykcY436Mp6soZSt2GJx,17320.272556
9pWowz6G57xBkVzgxLnyUy82ojZiLsZRP6qm53n6oBpu,17320.272556
BjdpRoXe9PBWg4dC2PX6FZDFgwUL31iTpVWkWrh7c8jX,17297.439088
CACu5KCKgg1u7vpyKsxx1FdaX8EmZVaGRpdiFvCppzzX,17026.833636
Cnsmq9j8QM6EYA9wSDWTH2c7MoEyRjxkFGwnMAtQ75mP,16982.183447
DkewevhpCspncFpr7CBQKMPWgbaokrJsLZfLy67qfqA6,16634.890508
6RCwXMydBhv4TWCwufJLAHtLbzAA73FVtXJSspVufcRA,16213.280222
2awKzNj5NoBVrjnEfjt74qq4CdE1WHnfGhcvueD78vow,15687.401435
Gfeiy36vrwmYpY9kJoVwAGYqSuc78Ad7PwLH91EokhBa,15356.784033
DDxJK9pYBGDMPLsPxKZRM7ZwTnTgsi5s4RJav2W8333T,15284.860738
F4gjPDsj6YvT53BrvWewfGBiRxCYSrY7Vb83wD4uv8nC,14897.010234
AAjFKKzGWmT53VDsCw2Qjpf2wQfWUYE4vTtaKYtCCLc8,14801.549535
FFTn2yxRUjgj79PjT5tq19UhXCTGnWy5KHhei34B2QWB,14717.013944
7RSkCtggpN4hVRFMEWxebWEvrL1rdB6B3Js12mfPvq2b,14549.028947
ETQ7gXKcuVwFbFqf2Pmxwy1wWsxzKz2snSWeeM6TkNeu,14540.528133
ECae57zYxzuSjpVbeoKaB4cN1FKCJgTCrdyvY9C4W7Dk,14461.345674
8xGFjxxNZLRYB1fgHfTvVsdvzuXaqebsX7VSxxUwJEXc,14248.797731
d4MU5V1DxnJnwAXuhYaTuWn3GgmX6JCgXNjZKto8SJy,14151.285150
3TRb9d5HYj5bnBQwgs1yDesZZ7bkf5QEDBmxZ9nDxucr,14044.002361
4hmHhPwq8cP5j3qY8EtfWwiCuvaB7kzkaauEmZVUQtjD,13972.073220
F4E7bDkn4qJvsGSqUeGmLkMJUpQXpszTQQK1MK8k2HYY,13892.077989
9tiStbLD1GA9TERsCjANs9iMh8ASEQGc69vMhF4PXZYD,13856.218044
BFHpSkmizJjtcoZGbFh2sbHjeBzUh2ynzsAnFa5D8Hiz,13550.558322
GEUY3E9oZpvVw6yz83xGcJbz4LApodcQWHMYwJWgUE6G,13470.996419
8RACNQBphNpoTALqGG2VBtK4y9nAaUSDQJrWsKaSTEwP,13053.574444
6TB3kC6qVH5rQyNd9XN3qC9WMy82YFE8jee5qJ25MY3e,12906.348633
GYX9f23Nft7vHMfRLvgTZu4MmFshzZRWDLr4GUdumRCr,12850.375780
23Bs9SBD2s4CyXiR6BtsbFJTVmghjaGPuNEKfHxCWQEU,12649.456565
7agt55DeDTChZBL5LNBiN9ayqvLDDJPuun8GqqZNay4N,12530.014151
HbumaT4LZ6rbZqmCg5FXKP79D61WM1JRPipciKvruSu5,12501.813590
BPAw7CffqaCeDCmQs4G4Sb3v74kKBjZWpguSL821MX7P,11979.194539
J9yosX1WYufLEpXoUPtN9QJ3eTZnQ3z2FQ5brTmJzuWB,11194.013591
5NcojfDpTrL9f4UDmPKV9S2ziAiHSidV5Newj572mJGA,11066.762355
ELrs8A9zBYtNMibujtFzL1cw8DgDVjULJLCJWQdPTYGu,10647.421139
3YmqRpiaUXntW5U2oXSqEebpUwQ4a7UM2pUwGuZvDadL,10537.677725
5GgWRVAPhXAsFM1P2d9hdKnAusXBwQVYN5gEZDvAFqWc,10255.084601
91VinVrQRLdYtFMFBkmXwkAFPmS5cHndQrcPPirFjJbH,10251.132910
6nYz4FqJCQh1Qk4tgjmtJE19ru1FX75atDYSjvnzcQi8,9926.903833
ApdaCgvkDHdky3UGDG96sqVYQXmG2pa8PwMnavAbJ7Pp,9872.736266
Ao3TwELCZTm21GorJWaWvBxxVeYdYhnQetSi7BdzhLj9,9798.666138
FhNJUnn1Rvwxs2tXAJPLEZKvn49dxHyq7SPEsntnQmQh,9518.330818
5o58TvCeTiJJfncFxbnsXvwy9h59DKoB9J75tqV4DVaH,9455.663324
BK73jLHnGRz6TCAVvjf5RzAm3JL99NARnUSykR3jbrjX,9153.286514
4H56UopbcPSeZiewN1yQECrY1rfKDM2t65WBZMxhGKJK,9078.844267
Ae3hzG2KRxSzhgQqrU1BUnPcXHWqqtJYatm2p2mPHVbH,8987.379166
A54q3amPMw6KvUYvsguNE55mNgKpbH6Trrxo37VApaDw,8893.423462
4VTDv5owUbaKEhSZ1ZdrKSBf3uvopenfKjsk8uJs5Y1V,8842.183427
8rAtQS7yDxxpVaUjiZWtHeGHyADQDuGNdiWdLDPZ6mr3,8685.897011
4j8NwYpEFJh7FZM59Kk3dVsA48MJVYg8cpUemSPxfJwS,8633.320677
EN5fY1Yn4ig5mHFQmLbaTjWpxfb4BGao5Afqpsy2PA6e,8578.780050
4cxvLReo4MgeXaMH66tnumA2PLKbsk8TxEYCW6QXJ1aB,8344.231542
9Jdin4GE9f6T8kaRDR3SUptyPKjVvg7AmTXEzwnYj949,8313.730826
CnFCyvbsP73s3uRR1wEPNtXbkz1rFRUHBuofR9qkQNmQ,8312.487854
7b619eDFv7uGXCuPTeRsbYphEJCtVUKH7MiiHuUopf2S,8256.690215
AL9yRqJVypkUDk2mNLpnkV5rroFL4GsT2BMTdbnnCoSq,8230.515041
5b1XsBgLBTYVwFXV5fffzbM2pt3V2MBXZczrn8LyJeEm,8102.971856
7ac2ynw54YK9t5Z5QW7M8PE9WZHUJ6EnuDbw3Ls7jM4y,8070.411481
G7pg9ne9ACjciLhChWpEzeaPDrG3DXchQFujBsMbfEsM,8026.938354
6QQ2nYoYPLEbwqfY4Ab6GsQ1tLr4PaWBRAgEc3TGtxL9,7875.462176
3UXhXC5FfdH7G9HxBm8GSjJC23kkrtaXiLghMsCkjpax,7818.290319
9LA6YkXowaZ5mT3R39N8ZsxS7FKbXZzzaxEXxmi27fiu,7701.085462
9Ti67r55m8aw76FusM6NqGogjAzxb5sUezTePuhJ3KJG,7647.234409
HvYWMhqZb9Rs5rvhbDfMUYPpafAegRZ1DS4BPjUHQH9F,7506.508743
3QjXr8LN1USAcUo3PFC6ZiUY2Tp3HRDBUatF3npRtCCn,7416.361650
HNNNtnnpkzsg3NxNiBThSjd8YAv7WTLfPmDudygy9pfh,7345.955855
87udzQzserVPJDuRzpELorAbU5JQuTGjm7mSZcUHEBSy,7310.490065
CJDDgT3kT7NwEHJZKujor9YiJxiYeCAQUsMSSgMA9sxM,7217.562539
6ATrxnZciVoER7tGJqNTNh35wvdzXiC5VftLDtfEU4aZ,7053.988853
5utmQEyPpnkXBqVr2S8GRXj7bsMUmVXXcQUJVB8iiQQV,7046.362836
CHTE2RnrYVGtbCG32LLH7hu9aZggp9EKA4k2RuHRrkaS,6978.417139
JBXZdZapT2zsZdri6aYWmqje6oXKpb9UoH2L8BYzoDJC,6961.780325
3RYjFpvnx2TZ21M3sfRqKzyrMJeEePrLPFpSoUx8jjUw,6953.277135
47wLcXzMKcJL2xgUw9x7fQpKSNfmBWEuC4zZhCjkeaSv,6928.109022
DaMsCNkSYRvXE1zneLesdKBEohRNiGzVcPaJzH3ho7U2,6928.109022
EHSHdVYJa1bKpsDSp6M4SNbnjHgajgmpCezV6ZQA8wK2,6928.109022
8Ls9JKtBQVPGkVUt8R2ZcgJtuNJTDZh3iPKxCT1vzU4w,6928.109022
HD5yMBgwgSzDUbzCwC1FsYqvALyTEwnYwzn9KgNqKTYk,6928.109022
FE9KsX4L4y6ZzVhMYLnSsssSBv568zoiWewZ5Ks6QuvK,6818.342033
8aCGX8C84LTumoZ7JF3eRHGaUQZ8s6onqmkbpJCtyWwy,6770.760597
GzbNwMrkFANRHaANbXh9RgcYg2GUTQdEm7gbKzbQwdtA,6548.431134
3xZ9ysZvJ154TZnMj7k1jvmUUcSr6T3suVGinergeF3R,6534.108649
6HMF3L2TEYjzePb2Xx4E5Z3ESHZnb3rqAMSYvFJzRGJb,6476.305842
76qzoUmD4JRVSs2sc1FL3K1wvckZBhwYzZHZ1oYLpy7T,6408.500845
8CaJsooTrxP29Ue5WoLgEYEudmiy5sS3uvzSrdZHSZ8W,6348.178146
A7131LCUkxHEyYdpGrhHiKn4APQNq9T2NbqdbsyQZHnB,6331.569291
6cyCtS8Qi3Tg9fkvKuVUEZpX7M29xJs8FoGyo3xNCN5w,6284.459096
7scqttptcHF3EQ8wxmxYjLaMwUvTXRoHunBDEnkKMtuJ,6278.065808
7isY4nKrAmhnFQ15Zi9aMBwhbQpmxAPnpxCSMRfqYuTV,6250.355389
3nHBAXNA6xGmsgYL9YMRjjV9XKAXnz1BSiQZquheETgs,6222.389667
GKXTS1x1C7zMeezmVbyWj46AMbYSAsgx3q8gaCheHEUb,6107.730762
23vnWaer316wyVsV7bETvdvp9qYiD7ZzeB3Hvvq2WPqw,6078.217954
6UUt2PGTzB5aS2fywW8A56po3G7vnRa9LcJFm3uKvUp4,6033.330033
2ptxXewNsm3F28uTHCKiHcEe5HoHg4iQbkU77T7vTbS5,5888.892669
5ARFu9tnhaY9NbDbAVH92vJkeZ1AYQhtKkiZnftRyu6J,5851.821497
GsqJymQJjyz432AzTFmL5WB8XZHGBk88B2sQV75JgX8z,5817.923331
31HxBraKaRMKMcxN1dAZ1SB6kvCPhxbybrpiVWtq72eV,5757.461610
CvXNPtpdZzVLRRrewFndNZE1UU5fU62Y174TeLKAGvuD,5750.006993
D33cacpxCHm99MfopukdcLCtR3A5XpvxXtCQcX3VaLLa,5731.290658
CnZyGW9z9Ri1n53JafDUn2E16PLZ3T27nYj5qqy9dweg,5655.482251
4Tp1ffovkdKcP3y4pwqMnuyxXjbxuNQ2kZnEEYoBCakc,5653.460032
9gXFFiN3BTH2P83cYVBQB6kYYgaQqu8NuEHgVtN9WjRe,5589.988482
6ZBvtZyDZH39MTn8r8BFryVgerq9jSZmGQmibnva4w3L,5465.937843
2X77kuutkwdfqHVN77q3UQktedAkAqVco7TM6h1gwqk4,5464.231496
6bcY1WLyLwosBR6QZDL6W6fzR8RJFatCnB4PHskQKjf5,5326.658418
AATf9BcBC9eVbAMasDSS5Xf42zuuPghJFvKk6Xgyk89w,5219.303056
CH1r28Q1dkHMtu9iZA6FY8bw9tpssRezHdz92g67oPqn,5202.762618
87NpUcdfznwbfD3AwmhoDjbaMF8gbh4f8f65cRQvTuNo,5196.081766
4X9g1MQh37TqQTEdkfwZvYWbn1FTj3yv5MnLE6Zoj6xk,5196.081766
v9UuTh349u4ejYjUWARh1vJvmU13m24bwSWmqF6wSjD,5052.142961
HtSZHu9GgohiYf43peG2zZ1McJPirak38Z5iHy47roGV,4977.759103
Gbryc7bNEnb4t3cxosPxqkRwDUxSsyTwjEtdKxs1KoLD,4893.957353
8pBMg8iagSztrvaSdTJt1mupMePuBUgWjrnSF2NPn7QC,4882.238628
Dz8EfeDmes1tk55oppYBHCMuwZsELepLgxHFpi5kLSF1,4775.443869
22VGx9UNYyWNg65PkVdGNYSSEpdczmghUV5JwHuWe3zB,4708.065949
7znYuBQFSof6RsAnwxxMiajRsteMEPMixw34X9oR13Vg,4684.359856
3dkA2wWsB1EAL1kwhsevz83Raxgod6MvN2UBMj3tEKPs,4676.473590
CuPt7EmWrkydJ3pCoxSe5SnFkKH6d3x2BWjs6cbZtijQ,4573.692403
DP5P6iDc9QQnjjhx6fEUaKABvc4CuirGbKineYzjTo4j,4527.397887
E81kKjGrQmZY8CD93dhXzLr79cqgP5YXc7RnR81osbUg,4524.582767
CefWevcCKz7h6zqFHiGAYr5cYBjXJjmeeA9UhVnzrm3D,4519.864909
58vZryhmASdpeYcNPkJNugCQdkaiyrAK3g2yHmWyqL8v,4458.789143
D3PftbxLkLfMVhjswncg6ApFHAFEXapS6PvHf9uf8K8c,4409.750998
EfTur3YTFiCHuAj1VEVrDwVibu4K5k9i4ohSUujMAYpg,4312.482160
7xiqZWHXkMdhnSNZxMHpftLHTxXMTAGeDC2LwJUP8n1f,4267.754698
6pL3h6e4rd8ehqoxySCGatZJBiDpndFtrSM3RcWNRjtG,4248.778211
9U67xLMSJvCmXBXMucGmePqZVAD4YXmoEzndRRy6FbwM,4223.492001
CXeDRAoFzwTKC44MMRTrHXTjyxxFE4FzVU8FbviCD8g6,4135.645542
EvvDxMs8TEmx69gDmQfepYHRJtv38K6e4MP7m7eSj9Mf,4083.476217
2YTEzT3bntBQNqmchAGAgNaXE2imr9xR6Td6sBoR45xV,4057.251329
GUZB7j5uy7KYQYvikRdNXyhB3xNnLsUT9YKGdfvPUafK,4038.413609
BmMiq5UzLCUSWNrNd21uDAD1YwYitMY1g7GkCUecx4XV,3997.616393
CCWTib6VaNCLXu8wP3yGLpYD9agPK4iF9e5EghSMVoZ4,3917.140717
GpQwCRWAZstAoWu43jkMCMQLuFLjtzaNsdwQTBwiya1K,3900.873885
4pY4zYxDgVoGaLDiuuY9aebLngj9NwmuphAnRfm1VHsG,3823.733767
EzrwSkYZGS1zPqYMysvd2tfNJ5p6d8BaqJHyTaCxiMUn,3815.646035
Gf97g6BYvV4vZLxWDdrJ2bV3MVJ46gfSx5nBVVDzASiS,3810.459962
2sXP9MzP867EWxFUAZXVgwhjpfMt34U16rWGDNN2CqUY,3805.845588
7PrrBiRadmM3iAy6Ai7Y8jwdseT2hFCd5QgurFc1udkP,3802.074829
5pUVyA9dtFX8BFWAgcBwbUzXoXgCFveWGxb8qjCf6xLg,3799.772459
FeY3VgHSjWwTptVFsp6yhC57LWEZQK7vujCTRZJbk2Y5,3692.971920
6TqdiQAt25StpF9t6EvvA1koFZ9n43wtQ9iuLhQpe96s,3675.544242
4Pq7LcWZFCuaY8a8XR3zqjVqmf5B2iUyWRXoNpbN9pMs,3632.792641
3nH1VkqoxEf3EXvXaWQdG3FXVKWZyvfrJr9u2E4dvy7U,3569.599575
Bnj3P7fyKQWMK3DoZJSFtBruQ9rw5rPJgWeYtEAUVKj4,3568.143019
BJmyBFeN2erHoG3PHuthojtzwdkj1So2CRvYyiaEPbY4,3562.335770
DQRc45Q5xUsUFRBKqvcpXaMNYw1JKwQH8zC6npSFa9os,3533.448659
3zLVzT91x47DcUkaj5eiTB4sGVg1yzJ5rFpADZLGX5aL,3489.150546
CYjRo3zx1NE4zo4wd2MUUbCnZMsRnDRXx8FFBPArpvcJ,3484.451828
6Ytd2VvvrPbhxWL6m1ZTzpgDrbeqsfKVSnDXbSARWPEs,3470.396656
HWXhKoBsuMbb5FL9QrKe31nfewvsXCDz7PS1PzUwjpF,3465.826439
fJqoHBzJA6oLzzEcnLKwvCMzNVRLMgeZjNzGduUBjsR,3465.589423
EX9z393ShAM5wWdfYA9vsqsKZRRJEVrkqBpgouyi7yj8,3464.054511
3TLVcksCZn9etguFoK1dngTWjqs3rb3om8zgiicWfJyB,3464.054511
7wbnNTKyMCFvXpUD4FU961uvvSPgtvXC8meNJrzxBM7d,3464.054511
6c9EvR1RtvLaz2wvLY4xSvBBVWxGiBtxudkL1jx4yo18,3464.054511
EiNh4qC7FmSDFm7FrnTGjk8UTFwJhkv4LHh5k76dFobn,3464.054511
8JJpCyetk8DvuhF3YxTdLwg8NPPbH5HjefzdGmdRB8Fv,3464.054511
AFbL8EZLiLTXE3vZF7eCijSNJ2WMZcGTbhpZsy6PDnK2,3464.054511
DJ8hkTKsLCNhmM6EST5Fb8bxR8X8Pan1xv3z4wfjYnVY,3425.502863
3ZhP84GCdyFv92u7sENy9YuNnKwKx1RBQKxGBkPCi4Rt,3406.151428
DXfwQMb9StaQn3HrbLcnEDHGAbWdvU4ScwyHbXnyirdZ,3342.210779
7sdPa5Rc1L3zzxorABiwZhjHsduQ4gSqq5Jmfv2YTyis,3332.733443
EZv4PSvg5Jp9vXE7bjzhBUvNozwD2i1FV5PdT2vBmqXy,3330.005655
Cmm92gNYWtn1w5Lk6113i3qZyuiv39BZbMQTckFjFKvK,3328.488030
8CvmohtVAdDScXyrt57W2UF5CLwoHgZVS7nkV9XuLdRB,3327.083248
jZAtiMgsUr16fJrSuqQrefAqGu7H7bK5Pm1kPCjVEes,3324.022570
88c3qcKynwRxvUTbsAVhkXBzx7krUCLTNSYUXZF2ccNq,3318.738825
25oM2uHCrxHk8Gd1sbcJWvNoznk6JxWi6wjsWEokgHr3,3311.121639
6ws53oybfrTJeHJwy1uHfKyHEEXF93Z1iDZsPaQ8r6NW,3305.596289
6XyyhG6tuGK3LywjnB4uLrL2RAQ92A1dPfqzZNFsPZUp,3298.885878
DXmUDYe2dByjqEaGtb6ERGkZRu2Yb7rt8zwjb5mgvC4k,3298.513895
HaBnh91oukFWx2UuZKEJceoEGaeY1DbK5wJMmwjEWSU1,3294.171728
9zTSHvZok7AyvaDaPe1p7UjFRyNTBz98HuqmNnqH5vci,3293.481442
3XibwLzFy1WWbb8QCKvCxVH1j66D6iQw2rzadZaZwGCf,3288.558802
HXvmbWb5ESMQSeCTwxdPdPjKL6QV4RN9God3oBRAbFRb,3287.225268
BoWM5RcuW3Z24vK12FRiNLbw4SAdak9KAXvS54TwWDtd,3285.660575
D7x8RbyTGJD9Rzm8pkzeQkuirpR2yfW66CPadVwuXGXp,3284.883963
EThHt9Gzk5Zb6gQ22z56QpMBtWz6WhPeTXB8TVupzE7X,3283.431346
Cwn3LHMkXQfSsSGyaYMLErpQpZZMJp6nsVsk64QP7eCe,3277.123970
8gUhtRgQehU7rMMsvBt9WX3q3hzEgWnWrZWoE9jcJq5x,3276.577804
2oMaUP2gAAbaE7A3dUi1ecJvrBfMByd6NwvVVQcXir8U,3275.852296
7n6Js2NzYYdJNz5kZ1MFnCqzjxfiRgs8HEmGJmZZfyfE,3275.500986
2cmGcxQpmw2o6bWzzGLS5q3oWHzWVqrnRbrgGvYPktaz,3270.169252
94yppgknhDoA6WMZtMLgqCjfV3WtjNNHoD2nageMQQ1a,3268.068294
2wz2Qh4yExB7LZ4zpFoyxYkNcpZmLNzSuAYYXSAP3FqL,3251.726592
6NDcd1WFWv8v75oMPSrGCTnazpnrK2k6L3Tv8YZ2W4Gd,3248.618468
ANGK45ixNTskiGaU6gjcK6nfBYDyxofVkhkDMdxW1sCQ,3244.226131
8UVT8GuT42eSREDeRaR3ihf7mX9MV63LMS39LrPRG3QR,3243.229943
C5YxFPNgB3k248QreA6X9u5kAMJwHaa6meekSuwnEejM,3238.494571
GtFxpp2DqnxuujZGCrQJEEkG86crpebZKXe81VFq5WJt,3233.685991
7FR9JYNPYUaV46cRm3uZ7HKdoMNGnFTxAdmJ7323Go2c,3226.240952
5wv1vGZhod96YFzifUuKmXsrYXARt5EiFBkKdouJVRhs,3223.721978
BK2VZxS9yQVhTsSX67atisZzyaCc6Faw8chAg6cRCWPM,3220.331045
FQM8oMrfE836RNFbmsvniBbkGjVrjHePwepc4Zf6Ny9y,3218.978614
5V2BhHUY371Urs5m35j3oQLrE6nYif6sT9fT6mynguoa,3211.900619
EVLUNqMSQcnHJZQz3g2iRriAyMFAmSFWgD87ZSfctcsE,3157.626380
5VmT4CNeLrNvNS2wKk7aMrpWWeigmPjJGEwe2EeyY28p,3112.033086
CZNqkdUJ8GbHUkuzs8sbmKwxHRiPise5FQ8gKRkTqkAM,3099.454471
9AebiFa1FVqUcux49jKE1epsj6GknRUBsesRCYo3Y3ue,3090.284912
CrWiUDHKHKcvQv9NNdSZhqUoJyCSEmNueA42oqXCXj53,3019.280689
GdVQwwbicVHVW2vvTseTyHgrCQagNPZzocRyg2vnXeBW,3000.278298
HizT6Sq4hLdgpGT6gTcq97WBNjpshbPugQecccTbiqHh,2977.836596
4hkm1Pi59UVR1wbKihnSUBoU1y8UqyFhPVzXH5kveFqT,2961.408346
3n5kaXLSYNfWvX9CfzcsWcgBh5WpjBA4B5XvUQMkSnM5,2954.479480
J5vxhJQcPd8xWjGedsFpsXWm1Akc4a3RjYBVNBmhiLEb,2924.185116
agjxvuLNfwUHLBFsKyM2Wuy7Jgs7T9TUKG1Z1WfKXAR,2921.656692
G6YtiietkqVdab2tvXG1p2Mwb9SE5FspM1RUKHB84ViN,2874.500024
8syj5CYunR15YAANimcD98jyLgNxFogqGMq9Hvni1NFj,2825.837230
BwXQRC4bWbrBAR7sQijWoZ6gAh5UyCnjBD159S7W18Up,2792.521067
9ibj7dvfHXhFRmXNL9rvVoA8ZPpxjZ7mhPfonVsenob5,2778.471341
J9Ka6owHwqJhNe8KWqMzyKnZHi5onc5iCFJkmRg3HZtH,2769.930039
yexA51xebHF14hJ985FHZHy13Hpo5bjbRxiMVL35UP8,2743.589356
Hbpx1PVgfSdL6Hrtag3EkBfVkETqVFx9J62Hu8cdNKcu,2715.695262
5ZXBgx7vVjEv5WjA2VkxeE4Xt3sSy2UwJhq9hitPB7Fp,2696.681567
5No8udknT3YjKvEpXMZBN4cMQnoJkFj8VAZfBDwaN3C8,2683.194744
6hsrjSWEaxNfv3oF6L5GEfqzCzyjVP1Mo5pi9uycJAQv,2679.248732
7PBoWxFybWVkL9AxxhQfpN5Fkr9Gr6m3fMrpf4vWzMR8,2678.265914
6fFkJWBiUxBxvZGMUbSQ8kPnHJ8Hik58tTcv5kygZs9w,2635.550758
2V3itLpgj7nJi8vRv1HgTAE8y6JRDjyJ6SEVkdnFidnr,2624.347946
AubDpUeZk3XDyHMK2Jb28TWNADpETyisYZZ2QH6uTDTM,2499.705163
9KdGFD4utq7DgwLxM5L1uo9hRahvyeq9gmnKX8HUXvzq,2427.617581
4if5nyTS9LBzvMdfZ77oXPLR2AzbPpRkMpd72c1PWNsE,2406.201673
4DWvzKmAbv2un4rE8iDVT2n5FWDUYWHj28ZVgsQbYm85,2350.935289
J3rXyUjJJs4G1MJM9NQ3gtCHQV59wWQE7mcQ7mqF4z5K,2346.826274
EMWu3RCfaVPcQH7fGR5WcbRguiyTpugvzM23HQEEJBHh,2313.460369
294i8rFiYDBADVCF5Z8T1E89aj7Lo7DSsqCWvQMmd7UE,2313.455303
3unKLf597vzEFmpFGozRVu5d1zXGtxnZGrPF6fbP3tG5,2295.506855
3TaMb15HUrNkGTyKkb5Ff73pSD7tLb4DWirHEGQJaXju,2228.509981
G2DftkZoTPJFtmeMtQaRbBQ7UvJvTVTJcc12EN8o8zWV,2202.599263
49LRMwB8HRiMPmTyrHsfPUTkoxxwhudL4ue2Rk3YT1sX,2197.557519
G7BSqqm1ipMFMe6ZQVeu94zAzUctmmNvPVMEbJq5Sgt8,2194.118170
GMEyxXahQDZ5Pq1mdymtaPop7HSNwuGdnF7oV1QYkoMk,2186.528186
6Jak5y34VPDigSX7AFysL78NToW2dTUmkdmnV8qdyj2U,2148.515502
2jfscKxQqxqkk2gckD9ybt5W7ERTbQCN62FbY5tUiv3N,2130.752464
Bpyzgeb9mBfxQqupAKsHVfthBzQkFcY6Qk4SpTNMcwui,2121.644170
59PFxX7Uqga6skuPpnuBLQqMhiKJGjow2Jh19s2XE8dX,2082.631054
AXQZipkffgLkjbb8SAy23DC2Bnht4YnCQb6K2QLUi2BF,2078.432706
9BWn3uNthYitYbqeDBoewn7Qv9Gyrtf9DgLYmdYoJZoW,1988.973068
8p6RThpxyyC4p7fcNR3tbyWaoKHeShvdgN9hhV3LfG4h,1986.032020
D35LoZgGDkVrysKtF8jQMPnfU5WsC1s9tTnnsUSg4sgP,1981.445415
EsBtWgKSuJ2dTZEf1ExupQR9h3kZRCtP3pAhdv139kxL,1956.778147
2mFjJ284cTH2xae11QLD41WeNi9cMtTGw1hYHqBRc2x3,1951.643056
3tA2eB17TRFkcUTVPBN3khGC3V64HnhkvDEFzio5XMuQ,1911.006292
G4GyJ3wzqwmnzKXtA6vPP8dMPHCojqsiPYY1Kc4v4tZ2,1884.385347
8ASJJDMenLyszET42n3RMXD978JEL5fvfJhoArZGRqrT,1876.915260
3DJd1SnTwXc2utT1dzzt1jS36ECMggiUR5p5zFaFzT84,1868.313205
DFPQJfMyMzZf4KzFHHbvo5tXWM5eF1NinJwBYf4XURtp,1847.296892
B4mL5abnbrqoDqTbFNJuUE2wei9T5xEhT5FhnrS8Vw4G,1845.425846
CqYEWX6ZCmAUPoyNdXoDjMgBmc78ssAyS8EhVC724N1C,1837.415514
E8srbp5CY9qFbwgKVjaghpj8nJwSbbmgoJfVbwP7wmg8,1786.737479
5VKNsZQbZPYN7vUZwKxfEYycNf7ALGLchjLH9ksx6Qmf,1759.784503
6MYcDG7AdzpK7tqKU12rPHNPHtJxRMsxiNq6vkgELxKK,1742.818176
GE88BJJcD8X4QBK39p4XGav9sZVo3TqoZvYVxGq9NoXj,1738.013141
GP87PfhnHLqr1eQd7dpbYpe6ocGHrwrxGeh58hjvnXeP,1732.027255
CkQYjX6vtW4Ch2VMZ6xDmKKGLdoZB7LjLavY3VTGBJJH,1689.429167
FEjgGRJMB16hygqBRVPtki4KRh1QU29p6yuUUcRj8TZJ,1668.339671
EPdSkQtFaHpMyvm9uaYxEuRCyaW6DyqMq8qF8Xh3qCc7,1661.706949
C5iEV4PtZUYJfYwy3ivb8uLe7VmyCAau28gbvYwcS9Hp,1659.654738
GQsvGo7xi2dbR1Xbp1KBKtXju9s6QMKLVTKGhepg92AY,1658.558816
5fK4Yj1pRKwzhUc9KMBGf97YsS7sr5ZqBpsCxR5x8MwB,1636.769111
D23NyV6wXag122aoA7miHH7N4SoheSh6ArwkSSoZ2Xcn,1615.751420
9bLKJfg93VKKoWh8c5TpUQsKak2nJ6jyktSSiEg497bN,1611.802383
2Je4mFsAKr8KF1KNTU8S76z9m7LajUVYiUmp5UEfmqsd,1611.105557
46cUKXsBuMLve3nzwDE7CkRtjdjnNqVNRCqYwAWXFXx9,1597.969453
4dSoVNqefMsjnEJin947YBoDGjboZA3fHCu8qMuHaw4A,1597.350705
431AocLvRuPg9Y94wiSx3MeHC8HjwVviZHXnRTovm7un,1558.704936
DWwKQNzoQay1MXtMQWgYomYHrpgbu7LaumAZtRXQe2Xm,1503.670546
GxY6mX11dJx4q7WDoErFSawsnjjrrzstj38Gs7ADJ8kf,1445.142121
DrU8YRSo1TGGbVSnsaZTjtFYeGCaU3Az61VhLuhrMzyh,1435.847700
4NMhVA9itwVJYuVEWEzEHgwMbnAcg3pVRD5dCtWr6WGq,1427.140411
AXgpxVbZCZpuRo1NFLcWJZQyK2oUEGVKDuaHBsk5gHh6,1420.743062
2N5oQUEgFTVdvv7boETYK4RKCJvey5mcC6HgAVcC3rNh,1392.682737
4pdLD5pYUhScFRr9uA93Japcy5kuXUP2gvpd9SH7fqCf,1385.621804
A6mKte8dEJ1ewRXZFqWVp6NWpEe8EfBLFgAoEr9CGowK,1385.621804
AGB5Kqw3a6AoX91A66QcFX9ZZcJgHzqX1aeDLtWS9eYH,1385.621804
DGYCQV4GFYNdif1Wj17iE6GpTLXqjihxNXsrDF7fvtKK,1380.909019
5wx19pvqjnirW6PPSoUSLUNko98LcpaKxYrUnxtJD8iD,1373.170035
7do826kgwfr32asRC5gcqT5J2pY7sfmb5pvvxY8PHTVh,1365.852316
5fN2oCjvzQGqPifBAh5XHNACVaQjN1MaDKaCNkxMxJso,1358.214204
9K7XcRG3NZtPDS7xeQv1aAux7uCjdEyzWTMDubwpfKZe,1357.968383
EJTuosvXHReJ3SELPcrsFGsbesMi4LWenko1QXWioJAa,1351.242475
2G33bw2Egx5H7Kdt4pWUaTRmCWSaehARuNRJCszAWBGY,1341.773917
4qR8VX7S1iY2ehDfncCKBGSCPdmoDa78hTjqZxwitXdc,1334.834118
9je4CgZYycCY4HCwhnu3n11Yx5SWPoi6Pmc9zMKYGHRB,1326.474104
BxRAx9R1XNWvtCEXSab3pYxen7a7yRSZScPsVb2Hr51B,1321.832945
CYLkNRgc451L5jPyDRL31RGt9owMXDFTkc89zmbApqjY,1312.895161
EgQPFKH9P1e76HnsUnnf4HceK1Me2xcVvo543yT6j93Q,1306.324644
5eyPQ6VNsHmx48MxJW3uoRz1QBxn6JPAwoNKK5jkm5gC,1302.427858
7qLNYBWG6PHeGhz4fy4ZgsTxZnQmjqsGeNtjL1TfwF1g,1294.355914
BYJnbkcYNaxCFg9xiR8oFnedj28qLYpG9QStt1CtVLpn,1254.855776
Db2jEoB4xGGEqVsLGLpdQqSN2C2kRLLNpgQ11VBuCd49,1246.831594
6AnEkSQ8oX9JQpj6ctad4hETgY2AvGLh8yYruithzzuT,1240.081387
GDwvycR65mSKGNPzFAdyPAcHFLdJ4Rhzh9ZvCgeLfcCb,1236.622035
J7AeW4dXSthP67znvYrQULxvNYshZKMpPo1MbE88PKH8,1229.001857
C4hEPMhxT5mXKenpFx3gr2XLwuTGEYhSsxzwj9eie3RR,1218.087415
F1r4rT5FGGxYM7QiJRUBngLFruSSpj2PWY2AEVwjp6qq,1193.080249
GJwVZU6cwCgfnFU2rUgccs7P9SbnVtA4YDEf9gCJxE8Z,1188.837558
6aCkXx8MFXv4pSPcJh3qHhL72mkVYK8kptDoP3t7vxpM,1187.263517
8xc2JsUiQRMGwygqcNRkFHLiNUhTf2U2ToX2pAXUnBv3,1164.987682
CGDjKnKEzgXe7PKUbuhd1FrAoz11r7Z8yAVAhQVWsEra,1157.964289
8mdTT7TSxjUPBf1QayYxPJpR2W88KfPkFXjKEZefrjXS,1155.999092
9JdTXKEt5TLvvr3mc1NNmWPPUeUH3h4QExp1xMZpW3bK,1143.278294
ARMRSzqeBHVsfnbo5SbxuTKhSSRuhj94g1H58iZRCDqY,1136.894095
GcGFVea5H4WXVKkZNdqrNj3ybJoFphyPRUTusQqQDaUh,1133.039548
1rdkpo1Zzjk2iZoJZy99nVpvc6BWBdCZG7VvMzAGYY3,1130.964558
DSKA2U1jdVuztBu6PdgpAw2fiHKx9oV4u9aJS2jDqFJD,1125.503756
5ZSqf5mnVCDgPfbvFK1UYziyi17Um3RiqLCGsWQuNUjD,1118.846776
EZYW8Qg29BJYdF1PKiykA5mZ67Xm6i8cZSJpHX37VcFM,1114.632795
CH2ePiR9xqZcywSv4n6odCNL84iSFhVA9ycP9HFZF6MX,1105.864520
G56Hso4JBaLhFnvVcBubWGaKK9Bdz6Zzd5wCsTe6bCp5,1100.854562
AWYsBokZyj9FujqPpQcrMYqaJjm8ATD6tTnteU3nQvSW,1100.169813
DzH52g6P3EFZ1xon7oB2asS779bXjqqNPZn7pLrJV38s,1090.944876
9ZEgLC6g4YBJhiu4UMhVVMUH7n5ZnirpzTv4fQHJqBjH,1090.458813
AfPssZgYxNJMLnQhxjPKxqRmUBXrVDskFqLJsBszcWNm,1087.430381
F9LfeyFeYw2JMXPsVWowjaB8FBsLvKGTRage79F9bEr6,1082.275691
EiFJogw1Y8VVHLVxze46UReLPGKZ7JoAUy4iTnJ3psjh,1080.922555
Bz1Pe9uZJik5ft7xFYhiJ5RqJPe21CFVw84xsxyRHPfE,1080.828906
AZWyCkPSDyZSxMXwk4ZqGK6WZhfvykLU5D7WbKJuPMxn,1077.844749
H3srkcraBb68DpiSBTpVBeK6SYvuniRUab3uLcVKwyZn,1075.247390
12QP78R6KTCJj9XiEF2XGTjsSTUB8QTaWB5tiugg3ZFK,1068.100019
GwTs3LPNtoZKgkuZ322g5hD2tqzQKgAyjxypR56sS6bk,1052.184058
DLvCqBfq4bf1cD3eizrGpCx5dXx5g7VL6N2am6Pgr64U,1045.802113
Bp3hanShPAcJAygeBSUTeWBSJ8dFN9rqBkSnLctKcQP9,1043.472637
3LZJTWBYAuMpe2qiHnXknt7FnaGWezmGfs5W9qMMk7EA,1042.737218
9NQSyy3TYHpqJivQ8TG6sieLYSKpVnFHGiYnN1utdimP,1042.569104
7t6AS21uvofnoDnXzrqJuyzCSNVTgMg5UcxetynPKNen,1041.441916
5aAEmBhXNyQUkZXYd4gXr27SKZG4f2a1CFCtYWHHet4Q,1039.225706
59AaHUkyPJzw9s6jqHq64bbG6Ey8k8nZmLEK1Cct959J,1039.216353
6Hd4tvx5QHdzVzSrEomcmNkJU2pnu4dS7eZ2Q7zJupi7,1039.216353
EuFTBX6Sff4QSXnvGdjShAHfVEh2XgyoCtore2KiUnzc,1039.216353
7FfLVGwddcYQPapfVUemhqJLG4T6mTrZgY7DaASGmNw,1039.216353
8CyRMmXTyLybYdM5AwbgEyScfvgtqhtEoeKCWyfRsHeA,1023.476300
GnjVi2sNFMGkvjm9khUHP8Fkm5hGBCGNnZw8XhHKJJmy,1019.513193
8F2kfFLR1PS31yjj445p8WueXVxkbxSNrS3iLAaW8NGi,1017.365522
BwXu2Gbz8ycV6JSUGrYtqnaa8V8yW1k25AFReSqguiCH,1012.220615
7L5n2Xrk1Pg7e7kBZ7vj7PJSf2nMhN8GZ9j9CroGvJ2G,997.482518
AhpTqXnFfE2Ud1c63TfJU3iQSyDSHr7UMF6dhuk6fXSC,988.665734
9QCACxgyKHAHbxn82gSY9dCGsjQDZn6qiRz35Z6pvGE1,985.921926
9gNnrgaKrCq9gwRuR77nsjP9pM1L1xjwMLfBUqk9eRsr,982.336498
6moyu42nZMVmEzFGbqhTDKqyuit3pXQBkhFyvi4Xa82Y,979.309509
3WZHxFJKKHGi95rKPVLu4eEBh743bWUDGNSf4TroaJ1f,966.730157
8Z6m7JggSJgnHW2tzzT2YNJGtHN8EAZKhdSZZiVpUSBQ,951.375898
9yiwLWnanWEQ46HsZfoYQrNg6LijHxKc5WpTjiFqoV67,949.500365
AXXYUxw6Lr6hRzEGivFuNZZLdRfaMejjSwcALK6C6yay,943.696175
FrswRX8bDre7M63p1xuWaQrGgFKDsJv4mrnhKewafK9R,929.635114
DTZZTuurvvgUWaiwsTjfr1CWC1whWKXP23EiQxGoJR7R,921.508420
9EQbBeg83u1iYqFaueGVutSNvgbLqFXVQXmKCa9wgb1N,915.068924
2LnFu5sGMLXfFDPKYsBPgm4Kg9qd3fudYyheDWHHuCpi,902.740383
FB8QrnWNja4ehQCCr41j9mrbbiDKHA2ktQV2uxSNc9cE,901.749858
5281rjz3FJX6ossmAMbf5NyQUw1HFFY4jVwxyQzv6jV9,900.654172
4vp3vkXJkT6XT5stzCyCmJcYz6ib3H1DaA7cMGNi95CW,893.180477
EFSNpd7W1hJHbNDnFTixfvcY6KagfnDarq2fmi6mjhAt,889.488967
4XiEbw3277oeJumLjMcfZRmKsDMBQQGs4JUK9QTsDHso,872.392159
4xuxWk7uUas7SbV8FqfDZz9rrhsnU7vBmPDVDSdTxrAT,870.581828
131FGr36obSnrZwSp7AFNqdGixngJMbieoeqHg1b1qcd,860.840779
5gL3cYUQywZmcnouvxfP5spZYB6LusFHbswaaP9btzSy,853.076764
9AP7B95NZKpYVyxkT21oG22dCRzVdyNGCDzzrXWERgtt,840.850613
2wS4pyZdvKgh7xw1N1h5JaCVjFYdLv8bsoFzyU159ric,837.374769
3oxc9twfg1M4LniW4hNXT5wzyARFHAPjSKpETfeVw2wC,834.514143
5hmautHT4Tv4dA9FVn6XQ5EuEsGu6EytcGqv9GcB66Ev,831.875941
6E572q2mR5HQf2FH8ypehAYczqjrXDFRWEukkXaBDH7L,829.519123
9evS2M3eM6iKsjqHHyiNddgVMhL4M89ycrQiSStzxycK,828.264728
2bjjd3dRm1sBuVApiKsng4mWftYxgnMmq5GpMF3FYQkC,826.941883
4LduK87Sd839h8Kcn54Pdv6pfWFasUqd1EFHvBKuTdod,825.278651
BqtmfmJAaCmovSZNu1jWC4joXdzSPBgo5zNoR6hbq6Hq,825.144834
74A3NPK1x2dbCr5u5RH3NXGMM9Vjec15ZfVmz1YSqW1P,821.558871
DVqAr8n8tKk5kd6pzdqeWgA5LSDLQn3WDd8vntLoRCZD,821.449445
4HACJadkg6sitapBaqTa7c1CZn8uzdWDqngV7B9N7Xpw,816.712245
BvP99pkaZ3LVcKHcWqLDqtscxHCyPT36fkA54Z9N6pY,815.469223
9Szp5yMWdt4XG3gLS9dMYWcp94FA9vHF6nAuo2pXKmuA,806.974940
sfibG1FCBxEjKGnfyMXtg6Pvi1xaWa7vb289NCSic8P,800.000184
3akZG14Q4Tye3YYk4FrpDNfi49dYZrGq9AG9vUT3zuKS,792.517949
Cg7qPW7QsHwYGJuFdiLsDTNNh6RLJjAbNUXijN1wbSN3,775.768249
9SCVtxuzHuDRyxi1QXvweZPkbZ4MeRwzHHMS9vf77emF,772.666479
Cw7btZCFgk47pjq4bpdvZuS6euuJGhrk664K4FeRm8St,771.147528
BupRXPehPV1EgbDrEPGw9RYGS9DCw6MXRoSKgp3H4kf4,754.832373
8Aqi8BchYp9GQgVUHgod5PArXGbJB7z3zzEc7YVGa7Jz,754.350503
4raYg43HgwXZQZSMudEssPYGkdagDj3DZqVCdYtDmu6g,749.343491
DRRPmfceT3EQeCw7ezLFZYkb5GPaD9yELZLA3tsj2hEF,748.156762
GaqcNP5feou6uRWob4gFEaecRnP8GLR6DvfSkP7EqCog,747.490565
5oGuPJ8qVstEVAnWm1on5uE4pxrDARKJnY7keTSgU6HS,740.554483
GSFGbBJm4cZJq1zTTWyfKESUjZquQPCUwRwz2nr8nC4x,740.081298
7GneQH3UiU9DYRW9Ede8rEfwRkHzyApni3CLPiNqGmy,733.729393
9sxkzW6rv9xMqeEzp4nxDQRp411BUpkUALSNb4dSahT5,730.950508
4RAfkYZhYpoLTGmPKkjPcY8rssLs6ZV7Zx8U6z6Mpw5i,730.654843
3g9fGXSK8FDwFzwTy6pbbatWpoCJoDGy7TB2EbXa4Yxz,725.712492
B7b88cjY6hbZv4jySde9rTxMB8WjWicJe7opTziqxkk9,716.370295
3mFYPAysDfgcfGkqyJY7iP2akqQwjEG36Ar7Q4nXThDu,715.751155
AW4qLRxyEmhrPw4n2ZPhehbFHdxMvfogZi7ztHR7PQMq,713.238439
APCMwsJN4YEhCedWVA6iUcAMwp1VP2XVnvg5UjejsowZ,712.336898
CcGkeo2dHkS3po2WtUea6DvhH4mmrrCFwZ3ECMwGXBmb,712.315494
ET3uECSSVrbzVPj2YBcZTNZosB6t1Te1ZErTwSSpdQw6,712.179669
4uaSQkrT11Q7C9GVxyqRgVJzxXq2xhspASaYd7fSaKRq,705.197321
2k4q5gK674SZGaQUDwXgnmjRyu8ft8SNaYJQDDDwQmiM,700.437018
79s9M1HYNDE2wTnXYnqcB158ipgZHHTHox9WdtGHSAKv,698.896553
BysmAmy3DUeG816bFiB7ZrDS19PXf2TvVk1tX5YXS5G,692.810902
DuAsT7rXo5KJtC7EeeMNEbP5aj3ZRhzaBFMDp11pzEnC,692.810902
59ZxeqAfBzrkekKgNTVZMTwL6bEX3HJL3YDzoxSYq9oS,692.810902
7ymejtnn3g2YnL7QpSWsVfsDzqAhsPA73KNKN79JWj38,692.810902
3gxCvfgq17F5ojh6gfVFESyG8QdTmiovrrqmzM7ryo7w,692.810902
7FySSrChRXDkf8snHnknLNwKHkXppf9KkBMXxTjiseeq,692.738503
F525dTjg9FR8BpPp4Q335gzXgoNnWNqPteUGA1c9KdpE,685.262584
46RJEemUMi5jZ1HzptNhhYWvEVMBCaZgc6uSsMLSGYyJ,676.619364
C3Mq2HVgaak4Q2xtNzeMBJiQ2DXZQ4JgFmNZbaZNVEPG,664.479337
CQXM1NHLy3Gm2tXN2N2X8xheGxDaFMnAhcMsE79LbHd1,659.563795
GCLhxPfmx2189YqHy8dWVVffm1tvarrvv7moU1ytmQjB,656.643075
4Auiwy3sHj2T6Wx649dzQHfVdhiD5y6NKLBK4kVV5Ass,654.842439
99yAF2JG88mHnkChW2SRby4K5SUBPwuzpo5LmUdj3jF1,644.935082
D7S65iFKkhuY85Kkm9SCagMvA1n4EqDB9F255c5VFYB1,644.785103
7DC4vSfzvRkYzhBg9zEgQ3yqpyNDWpDQJjM2vWpP5drW,642.280577
HPYvENYF4HhFAUnTNTacjjfecNiBRN64xKU1juP3k5sD,630.949363
35kjkCQG6oSAsPSYjjVv36ThoyGzo3uHV3yUzmLBTU83,628.117931
6df4Vr4LojXxUt5z2AcYEUshzRPu9M6g2HFCec4JU4b6,628.106892
CtH9ie8mDYbdvJL4ir1nzG2xhyNKjf3PcuiMdt3Mu7q5,611.586043
EPQ9U3vvRHgrRKi8ZGGyWo5Ni5uvesnVVAAAs892TMzq,594.972622
4Hv4KUAFqAu2LrcYQ6jd7PV6NKEwpXTzgkAas4URV6Wo,593.748436
AD1Mm3tFiVVV1EpwGDRfYm3tg9KF7ng5X4ASivgQVLqB,584.665086
C749qVAZTioQ4Z7Ja7nDiAkgMNy2nHER59LApkhNBezx,584.605479
9vzQBJNYuZecTSvxc8eQJqCmDzPR35WuQsiqs3JS28uG,583.994904
3UMgJ77Dp737EAxSnq4WRk7qrfUmWQQLThWuYxLqnKKC,583.606948
HPTRuwTQKbfmq6apqJKy2pDxhyftheJ4WZeiZdH2ucU5,582.903707
BBDzDe9WePRkV7BhUj4nYUrfhajJvw5hy4iXx2FhxKgQ,581.692888
2j2AadZmWNvXDmAxwnbC4u4YovnYJM71GHbmSZtnYtqZ,578.676612
8kPkcThwjDp324kWjL64XCZ1h7iXt2EsMQ59e2PgUwPE,573.696891
gm6KR1LzcpVeKxN9Pe1NDwvtan9dmKaNZ5xxsMokdrP,573.134651
AauqPCgKqDbGRCaGWtiR82Pa8tDEXyuoyYJevKReDYn8,569.196176
DzvfntmtcsBpv7zGqdZf5XdnsiQ1my3xCc7UqSXPYUAf,567.269481
6JKqn99gBh7JibPy4gehsxsrxESAydjMd6HKMpBR3MrA,565.400776
HYX2a7WpabSTB5d6VwvmF9oz3upcv8rpNjbrbbeLhkeK,558.824646
DKeJiSRRyLbSezyqSCTTdL7y7APWPtpZsywYGvReybrT,555.992379
LiDHJXsRPaWNu9XCpk4g79eCLNGgzYhJUUwujCUQS78,555.541747
EMFUSPibqdxMSdPiqJvpgznGMYZaUL3X8dyWDRmBePVL,553.832889
6W5ytXzxuXaZtb5Ht92JPCnWfhThFE42v2bPw4fYeHca,550.001611
Gh6qh8kywtH2woMya4LxVVGKTpi1JffshSeXNhDdYVN7,549.078523
14pxVyav5s6q5aiv8ccinuQfdDT7MDfXFLDGEbYRgsgL,546.727979
8dWVQa4iPQCS2HWZDCMwpt1isn49KRPY4Nm1sV5qBdJg,542.903656
dCaekApye51Eojg7wozUdKY5fgsPzk2jC4EXdPteVg8,536.796815
HLnfeyB7bqNmgJLqyhXKSTrP2sr2hiEzyuKW53ZFBGCW,533.888414
5azernf9dGYEkGJkMMdSGSzXZu6W78NbvuWAqnMPQTat,528.222075
BtvGL8FVSc755QmyBiKPYyxSBg7wFC4AEXkrphM7iqUX,524.806791
D4mpT7BPMCg9Z8ChqAnLWdw7x88YW33xrmXQCRSogG2v,524.172061
CZQb7MQuXFmQJv3xU6mrdM7Vaef3ahHcXrGTVniF1ruE,519.608176
DTaWDGPuFdsvuV4DHZthoed3CHqR332T2uvQ7UAqrfTJ,517.831951
6ME9z2ZBLNbuR7yt49kNfhiy8SqmvRM4UXejs322o7mP,517.201616
GGee9pdxyhutUYR4gMYFUmCNssZTVL4gZ4JCUnXNZkXx,512.890960
5TGDRb21sRuShb93iE17dC6TxQM9kbY1nJ7cGrtpWEGp,511.966335
8HTtvXpqmKW3eUi7tifK1BCtjpAWkuK5MqYXiu9V5CyS,511.228977
DjgPd4MNKVVerLUiWYQyWwCbWVvwHM2J6n26Tqn3ob2m,511.199088
EifEbomKzkvtGr3ZLCgXaNVAbV6WzXPDjqmNgLAgWTj,504.043115
9Myr7tkbFf7twQgKzc5QRJsP7xG6zNP6crQ8LPxiLvHf,503.648370
Bf8ii4rYhjA1pvJt92SggyaocvMa5KjexE6vfrNm79Mc,497.010910
HViFCyKuMkRDCnw1pfets3ZRGvnUmRKmDvzFL84N1Rpv,494.676983
9Brd6ABe9vSmx7VzGrQAxvyszw26vsg4z2NMvbXfAfB6,493.871512
7jZMLELCkzVJkKbKKq4Y32e979QvxDXYGXBmwcttz8MK,493.282190
H4UFpuyGpWWPj1MjfAJ2YHE1nv4RBrEiSqyqSvyMGaSw,492.440752
FxeaUpmxni3iKj1mU5dNNZdBejJXfZgpBLP8Y6QfALRM,483.293447
H7FytKZiPXofaCWyAgPJH7RojeNLroYQyzWuACX5RfQJ,481.481753
BUn3bwJM9bLtxfbSXnzoFSVV1J1udX7AfpXMXKc4CroN,477.907315
GgcAWi5WQ1EsmT8Sz6ZZFENcGDo6HGaPW19UK4rq32fL,477.008156
Hc4sa9DTTJijDwBzUn5UcSAH151pAy5Tpp3NpRF1nmKi,476.450981
BPbneobwXi8LVVTCuBMAyvHGSJonUqyCVjgBkR1Hbucr,474.863854
2J5J9jArvcZpnF455bxkzx1hL47oTu9SWr7HTQ26TMbL,473.208860
DtTZj73LrrTQGKuxaQaqVKFshkzq2s4nwRJaUj75LhTB,472.785400
59EcLTbM3rYjhkiBjsxV3w9hTd68aRNizJxVNN9DxdQP,472.421309
21d6t6DQhDwX8pwdLP6ZGPfVo2uhsMeGqTTsmVhG9ufv,467.724579
7J3CVepSKvv8x45BK7nVWpb1c6NfsiMu2quwP4ebMY9f,467.025885
8LHSn7EjSXYJaKej2LRin4cVKVF9pvBie2k38s9PGahW,462.777403
BoCQp1JKLypkXgoU4RhbAP675hEh1Fb21CErPdneACFK,462.046033
HndKtxa9AnJ4ugsdDoG39Bu6V5Z3mkxD9WMwP5h9f4oW,450.327086
5ozALjsycbQqQcQXDqgp32qia24TxrozS5HuX4NA4Qrn,449.955464
2UZmgCkWkHxjvbkmEWKwqkQze97PtqcDJQUUBjeQALU3,449.469407
HP1haZDNuSHJupCa7cRyPBSkoGQ6ydSoSwgWNe9nXyS3,439.958929
D7jzciijtCYzUCZYzuL6ovRXUjLazMgu7rM3kFz5CQ5w,438.005376
DWoqWddMgCCmVEiU5GFf59TwceyM8sQvffLbe8Dr5BVQ,436.918189
4Pz65AEQgVndzS3Qpo3eWNdJ15bwJwietK8wkzAnw5VM,431.739245
CF9becWjRD4RX2S2BoZAVhQQFkcFCAeHQyJteYgthe51,427.902767
HoterGiKgTg7ZuocT6JqqUuEA2wELEjW43DeyBX57pXN,422.619917
GvGEHz2N2o8sQjCNLVunRF5HwCiWr5S8Ek7VWgkKhfrY,421.238894
CYmGeVdbXmHPFivJ5E9y8JeEGHez8APNnURug1VRQVCj,418.567542
F2XiGwBmzjmM3C9apaK8hrD3SfyC3xpeQQGEN6AmGt2r,414.829675
8fiNkVvWMAaWRYV44BJjTBHKUm5oRL4VjLQjERXfhcDq,411.903252
HnVmK3nntTU74Lf65sDkZ6NyLkn4LfjQp8bDeXXWosGg,410.321332
4xrsL4Thqwn8NrkhqKbyyfTFGJszihg3vwMAJeTaWr22,410.082288
EvqruRSsJTkUhGazd3Mq87WDCMSbm7sswgF3ihS52MH5,409.541073
6teMBXPfUihpEiNrLKNaQoHtkakWTCuMizmRRLr5h4ND,409.353806
3baxuQT3c7wZamsfExzMNk1RKQ1P94CM4rbBn6uqXnsF,406.388029
4BvoSUt6dyq1fjbaDEiN7YoQaEaUQSPFXZRomySWtt45,406.366564
HebubkD46vftWooiQXuo138Vw5M7armrpSpfirH5iFyh,404.075635
EWqoWHKTuNzYaFSTJcQ8HDCgCp1NZ3ddw7LiUYxuFm7W,403.477155
G22fG7PPUAaUyYtdWdrKMynywiivMRD9p2v2QGN1B4Zq,396.904586
CnCiRSaidWHCCBARwYUQU4C1N8wH2mebQ84hKzhVkQmw,396.489444
FjKVh9h13NYAbQRGXCnJohjRLkVDNXmr6enUj1VvoDSL,395.343843
2HNnnLaJPnf7AvQgZK7e6m96L4yX4Vt61Nt3DyToa1Cc,393.719218
5HBH7vqDM5XTaharC3RrieDaW9P4D1rhEHeLYucMXwFx,391.334430
Coq1EUh2tfzRCjsnCvE2CHi4t9stTY8zrQeCjGmkvtfD,390.297267
9rsYZ8DBkcWsHEpNyZcvFJa699ANb17uhXYLfy6cFhJP,388.676623
CazhuxC1gTTyCQsMLBui6gkvXzajhtVFDxpN8nSKBxyy,387.510856
3eJrQwrKPPxscUemSr366f2ZkHEB872YFh2meyADFVSu,387.504307
8wuAfXEsMUCk8qWBwkSbYAvRTyanss5v2P6MpfEt5oWM,383.164195
AZcPngUELQDrDKENRZ4gRgDLHmT7Qxk4YYuPqDZjxGnM,381.260421
o9DaUD7qBiHcUeE3VbwzPcfZmQfkKADn5fCtHethup9,381.045996
85t61rX1skQCnbMQ9usYsv41WsfYNJhVNjWbYpTkAJJp,380.166126
2sos6ScqByPUSQNGwEXTmQw4QQTeju7kfy35PZCMPxsA,379.155886
F626UmPLTZwfvzoaQEz54fBvSZ46f9yUJG6TqM9p3vrn,376.840634
8fj3ApFZmGSArWyBiLLaboPfSHqNxAk5q3yj4BZvmJ7V,376.788819
3WnJ4SKfC9D9PaBVZigJ1mnsABbKdRYdTxLh7y7rDkq7,373.710215
77CCjzNWZiFhDq9B3JgEef9oZZJHWUJHanTkXNqNAdbK,368.107009
DuwZefjpiBSJGjXEgzF91NRzumcLnKdGfDVBJM9GVgTb,367.953315
43L9f7ChWsuEVNZjEQ7R1MSAFLTPKVeRE9nm5TGTToar,367.852420
Bn4yAKDydnSW6JgZxZXeTMvGJHb44Kx2akgA4BmVDMoW,367.684822
EEWrzmuE7rMemQmqtBQu5B4rn8t1bpnVabYjDJNGcDLj,367.384268
HKf5t8rh1DgnFrDPneoTDYEygDExa5C89nVVnAJeo9Hi,365.825187
6v53XejFBQhNZTD2qrd5VDwhki93P4p2JfHpuFPxiVyX,365.194946
G4d2grK9giqhqvLJBaM9sHWKU8KDUo3Qjwt3yT7PiHQb,364.118455
5i9jyKXFgd99k6hwbwX5j3Yq2EHgykfRk49Eg1m4DUDL,363.891074
4EsvooF4EtqBz7RoStFapAZ3p5ayQcxwQVdHC8NrAvBY,363.609865
C6xr259YHmac5AaduG8Xv8RNF2ynex6pPLUTJXGvCB16,361.580404
BEL5N3RK8keZ4ZUYGNYEif7LQ2ctUixeCV9XYEZV1tE1,359.922129
CSvQbgn3KXuEnaB47U1puTCcLaUNjqcZCFpnHc6ei2ka,358.425290
6YjHxS3b52eT4Anq3JRy19vq4heTWeFycG725zVdfs3a,358.268139
BvwfApmNT62i12tGwCWyKbEqUXW5DvJ8jBQEa6dxeY8o,357.367278
AkrkM3ztVouA7Li4cRVTTRwhQkrMKFbRZ6PSxcxXxM2z,356.164097
DxdpprtmMSiG9pWBfrKyrNT5dM9A2uSg6NykwPrJdFDM,355.453939
4t8PdeTuyBe5PK2DrzYbuteWPqi7DKPFQiDuc2jYBQJ2,354.792324
AiyA3WtJ9iz3HgvLZtnrPuhPDM1zmQ8xapccnZDQGCqs,354.330168
4Y3KDq3WtV5urRKuDCFm6vtqnaoP4xRxXkHq5ThSdK1w,354.306159
ABQXSmpcwLuKvTwky7yAsUbn3i6ugwzNaiPg6UxN29ao,352.923213
6BYpm23urAKuqmKEE74WR9pdfw6swvAxLWvYgWEKsYcz,350.950895
7S8qJf5Kpxo2eCCZX5gQNgpyvV5mQVaw2uv77xrW6EyF,350.762131
D7MpB5zTaoZhzqHZu45HhvPyr1ZjMvXrPNx6zahf9qzp,350.649225
EunStNyuJEVpWabyQdNDfjwP34H1wpqAVmwwfgYFimWz,349.822288
CpUX6zXqv9BZWroi36wLakXHpBYEP9H2LcnZ65dQfDJZ,348.798904
5jy7wSYxH5oxHDgUdxvoBkyYCjZD4DtF62Fwx385oddh,348.674938
FHzAh1EvrRjwwyViGVuDg6i8SXz1baeDZngkmjHU5ct8,347.763731
5d5mE15btzReGUas7U1CdPWHVzbevPUAhqW5f2tMwkjQ,347.543403
ALAjQaYvpdqxCbDz9c9YQpUBYkHoWdavaSoevCjLErnt,346.405451
2tvDLW7xM74knyjfHVyJE3beaDT57ge9cfYNYY3JRRU7,346.405451
6DCA9KY9um4fziqSWabX9n46m8asArzwyuiLwof7rvDX,346.405451
2XDKy8x9X24UafaiSW8ZAhGKxrTRbnBCV71GMmrPe8sy,346.405451
FBmhThtNCSEi2FmM5ai833b9oLRhw9dzjZFGNh2KcLGA,346.405451
6Zo7uaFXeTwvhFdHnoAi4ft9EXmKnpbNn5j6sP3yB6KL,346.405451
Fzy2va11HWV4qk5SCx29xdazVxEwKr19aW2TjHyKdfZa,346.405451
52JnG6LppQRne4esdbViWtvkgfmk8gBvcPy5yguhqrNJ,346.405451
6CoCZD9UoPeLdKKWv8ycXU3hJrzRBmg3LVzNesf56eY5,346.405451
9BxDcAhP344F7UCTkBTUBTd16c8xvsqj2ML5RXzHAwX8,345.293064
BPq1cQfQeqHxXDn84kf1KZDZtZEz5JRdmFFK6QWxrDCs,344.025717
Hf5miRL5e3Q3hGbjkc5sihoqbysYLAMGWY1z86Mk7G6g,343.807806
474gvwGQ8creaqiz2myDj4cCJ616NgDAJWgVtPgghNBh,342.944195
BpgBYa3HiG5tPNWwiDe2nXP3MNSnYh9wYQbkbWXPiHaB,342.230798
GdUFXHHtjbUrJyQnrCWSDsS9kmdybJee9XUQpAb3QgHM,341.121353
4gzgXE7EYGoBi7kX8CgcpJEaeoiQztgN4Gznr4xBhHZb,340.756670
Hz4jMj77Jdz7uPX7pfBgZvtijwiiS34BbJZJVMPPgi9c,339.635973
GN49QxbN4AxEg6FXBN39aJUmUR4yZYgAfzwoR4Ha7shM,339.631139
9rowDd47ofHZvZvsACXNq16tPq5drBic5bMEZQBuo2PD,339.431114
2i9UnDF6cErKqzMEEXLg9CthXmeVhtiDBN4rzZQhTePE,339.178188
8amPsHTddn8yogoqZGYkmWkZvtoQBx3jyL7HERhbTBnK,338.279886
FsY4WEDEuLbdg2rXnbDPGVKpXvx4rMAvkuTpnFdDRUmH,336.388003
6kWo16ubr4pNA9JktTW5EFda319UdiazUzxYGfPDHr3u,335.860349
Ee9vwxcgnW8qr8JHduD4Qr3knnUsSEdUKRN6KesznCsv,335.161483
EKPU4uZzdbsVasoYxGhz4WGi2kCUKfLsdzzjL6qmf9qs,335.096210
Bq67SwsMkKVYqHxanx6yKeY2LS5dYGyXRnPWw4G75Fc,334.717955
7JesvSqFPzcVQ5kugX4knsKjWq4b3EkXKYe2KAKcCgiD,334.520465
57TvFMwRL66U12zpPJyLMNJjJ3Pq1tWcDotSnsoQMaXi,334.253547
5MMMd1bdmSRdfMkMMvtFmJQseKS6pTrGTBNSJWqKhmDJ,334.153089
4YpS248kWnoj1EJC5JBithxwmw7zGnqBVHkiKj9VAqyz,333.893958
3o7pXSVEWEEfeSZJ7sPE6eQYQpKzijZesXwUebKH9vbi,333.805392
FcpY3NBRdAMKcL4BLFBZZnE2V1Uwj89b2PWtaFUZeiPu,333.723525
3r8o5qaUYURmZfDcQdN29b8cx8V36YaBhbiQ8BYoqgKh,333.059142
4xAEfXsDZiQ3Yu6772uTmuPmZNphZocv1YwfxNdsPxoA,332.774111
Cyc8DZiM9U4emQfdK9rqHXQ8RS4v5dyR6quPzXEi1jwC,332.454181
HjV9zs4VUsCARaakLkZ6QqmSBCjk6ZxZt2Vuwcs5g137,329.086328
6RJzXWmsHPFr4kbiFgSwABHHHHv4xTVnUsM2irWThNCj,328.625782
DEPK2Wo2kq6b5RxihN1ytcQP6Jd74drkzcKWMkdm9E9e,328.044407
7WbRUjuDGspGCgNAuYJhYMhZdnggiBRrQJ3ZiKy2Y6gN,327.635643
2FV7Ny4vkFuNeb7yQPisrBrFWaKWoa4aM9UNoPkhpc3N,327.232590
djBmN6atY7WKEBUD298S7m6sDuAfWcLJApF7owwyo22,322.099099
Ha9Tyj14b75JEvfVQx7o173CGFp4v8R3WrN1VBEh3EYC,321.877155
92oNqCtVyPd2JEexdeAPp9ZWsXxyzXbYJbfRys9R1whL,320.290895
Fk65Eezxfqv7rJHPWM3DKNuQNnovJZifsvpje4KazuTQ,320.225198
38xjurbTtjfkrvy4SmJUZneMDeX7LMC2wRPyWSvrSiET,317.919109
12mCJSXb4toZgueLoTC815vqFbThyXPCu394XcnsHDrV,315.640172
441vU6zjMF395bT3zvxKQpVYXG5hvxGW6PxKUG1gRwgo,314.481386
BKxfpKhiNXBAJHN1aiNoU8aQEcv5urjctagaxhaAkh29,313.696109
CPxRt8bh1ShyFn8PePWYY3WYfF9Jwjxp5CtXRwaePmWB,312.321241
5hotMrXMb9kA2yYwkiKQunXjbUrMy54Jq2JjtnmWVUDm,311.941572
8rSqPfXZLfkmP9DpjqikQhXtADmzFhfa83FZ7CAVmvCV,310.639841
BzgougQ1KaHBrsRQ3H37Lqo1vSdBPT3exQksMwLFa1sj,310.183624
ASXQwvJV8sz2gjR1Z4nLrdwJcTUiJm3uvoPX9J3bBYmH,310.001618
Hf5EbEmQmVSDixjM3XPokrADJu99uwjYsfxUZccRabcf,309.466292
A2KM56Bd1oGLDubTHmbE2Gn2mk8JkGCy1BsnYbNZk1QZ,308.666620
BRy3ZtakqzrYz2HzMQZX6xb3rimYcFheF9cgV29tzhma,308.125071
91c68ShzLycjkdMYSp7qsKopVVxAo6hqAFKyEiinn3Xf,307.912376
5nN1FgymabJeknGCvFB5YjbB4Uqcvj3J6sLZtsGrvXyH,304.875595
869FujjeN38iVkXQkaN7AvXyG9i6682gw2hDkEA1veDH,304.586631
By7NyyAbjJtDRJfhxUXX1XgoZcu27ucABYWdaXhDZW8r,303.751089
aLJnbhGVgr8ifM5CRGD2JRp93Vheyy9ekn5SwhDPc3Y,303.539923
HxvLuLQkuLXXDnGp7vSNUgw5cV8YNvLjaSP6pu2Boy1t,303.496959
99hHJDRhh1HY2PxtN7HxdCjpWhMBjYZVYCESgo1KswjB,303.150272
8VTPKJYUYLY7nHz9MMCB78dHzrtZtatSBfZDPf7eMzQv,302.797419
6ipq8pYWTFEbG5j5DjdK8rZZBxz2S6nQCtp3kwYGM8yL,301.213109
5nFVtrhHXyaMBFHhXFYfLmNfbgUWuToy2q4LDpRrWU7N,300.842396
DyBsM3k3P2pJCH33MspRTX65ZrhjYFPa91w5xAUZ7Vvm,300.510168
Ezijug6Z2TPdathLswuHBeCa22pWsP5RLMJxZo9CL9sa,300.492112
GHtPkbFM61wfk6BugfvZcS5zjNqjF2VPgsBFGYY7GRk9,300.163776
EVzyRaobkap7FXGAj5VvxavWPbPmRZrw3Xn6it8hkSsb,299.037796
EjZ2oYocTZMVCtjjMviQwcPDTwrmnzJZDrnMVhdkuqdh,298.300600
HrZahdVPHG888mbnwH6c555NpDwGXYkoGZKxqkBkUpt5,298.263555
AnGfkX5Y1EnxT2htZCgY8g9Nxmoc8UYku68iT7RHARwr,297.499560
Db3pCbDUvNyb6yqMmQRtxbvgENoqU8WMugmkDZVv1huH,296.622648
6sRGaKKdyH4tD8eQHuHNyb87oKNzQDahuWjFvKEqA7tF,296.584567
CYr1rVvqEb8njaZHdYxHo7cbHPN2RtqY3sXbXZuoZJrH,296.324435
CG973BQKNnvDdZTYajmEsbDNpRcdJ6rJFhBiKzYgN4HE,296.248693
5s1QQLj4MYexRtYo8q87bUw8o6az9AiArfqohqK78ujc,296.108435
EjkBH1RgtP1RJYZb2ML9Bq3fXex6mVqyZqMn6SQgtkf7,295.847210
GAY19XWeLYvmWTzRUDV5CsiQntEsEsV5P6VGMCDJ5tQS,295.770103
DtYC9HnAi4Wy7PiFaK4g9LWp59fzcWvKgsa2MVoc9eJv,295.337958
GnmtH2MkwQpEvEFRtTpDgqVs38AJojQymDKnPWshUnkJ,295.318389
4k7DPBTH2ZbnjY59DjAti8y2rQPGboEBQmEjTEbXhw6E,295.270194
6d2UCC8sAf67Buf8aZ8WARzThWNDVjWtCrM3jbxEWPch,294.970407
HkjqgMFXDuRcRYQbmKFPwazXmJifrapECdArtRUC9WTJ,293.492266
629X3QqusV6Tgfjh4Wg8qcToBpMs3bGoKC3JjguvJwHy,293.299410
5vTGqQa21PpLPoHxQukY78u385G9LghrqUpUVeAeKVVL,292.859020
J216hnsmiEj4ovaxcYgAtn8G4P6gdiAqKMmuKeA73GMj,292.335180
BhcSJ9DJR4WtE9ezLiegMMavdqGJ692S7pMsB8WsLE6x,292.250550
AwyWskDYxRB4pyLMGhaorWokfCgVgheEzYy6smQdmc7a,291.530890
EAE95Cv5YQEQ2ysR1jqmNBSDWHsqJkuT6bH61XnYj8Ws,290.461214
FuRxrHfeqfwG43ZW8wkH1gDNLmPxGz8icBU72LMNMmiE,289.795320
47MD7rNqBqkFo4wXHaJKGRbkzbnFDX6iomv8eEcgu8ET,289.574271
CJuY342aqm2ULmBa6hUERtfHHn7yaq3qkPPcwGrspQxg,289.056127
AvJ1nfczdqHJ3NBDkgH4bfjyJn7tveQK5SNCgMn8HJMP,287.142428
Grwkok3WE76Pmpem5KuApqikz64C7cp9VsjwQ6wuhq3G,286.701830
GUXZhC9yPPNiH5sSczVYoM35LUPakaKddYYVeZJ8Y4H3,283.911683
HMsMFJ8oXmgizHsnnYJY6hPvSSWaDJvrvk7BhbTURCYs,283.874071
GxuLomiBMNwNNx5AU2N8Pkh8Bn816huVDFHU16SQSGUR,283.576032
AYfu52Fae26zNUtWdY5jykELN16BKMVmCgGzvfntPyPo,282.770456
6cJwzxJTWY35zvqRoPx2Biov8BZjV8jRjHRnMymRB1cx,281.867598
CHBs4xyY6sJGy4Cze1HJfhSUeh6NTkrT94ZG4ykjAHeZ,281.851655
BKRfdsjHhYAxCANYBS3hcyrbjM6oJoKHpxiTid6KkmKN,279.614822
9ohNZs4a46HnCWaK4ijP1vbFsE9VZEnpPhEdyoB4wz1N,278.091147
Hkxeq2CbcGb3CWtYwfqiVjgfXMT4XwSCQmJiMNGLVsac,277.341810
2HKLuLqN3MxxpeGQULbmFE7ucrxb7oyAC2TP3xyevhnp,277.246527
9YL5fz2BcBuuU511RZ2cw8nPz3ayW25T2ZwzTSgWfXKf,277.124360
5U9uVuBBGeh2xYUcqRro1SKjrQqY6tDuYKJSm9USmR2G,277.124360
6LRuoCn6LSsrBct9kP9Eu2dim7n4xfbA48W6axK62hYR,276.407523
FBmYniD51ioRxwNoMLY6XmBRbwVEKNeLm59u4maMXAWR,276.104621
GZqVtFFQryaQnev9gTdKBY8tH4Ny7ahfLuNPqX9fKDgV,275.468885
DgNhvJknXkhFdH6Xptz1LU5egnL3HzLaA3W6mENvapMb,275.439008
D5pwQi9uWFUGmacvQ2MaYpjMC5pTEkCzXjQXF8PyGiTp,274.880961
pXK2ojwd2JA3NdNHrHC9QtLFWhkBB4oDreiyNvjCShi,274.737771
GTYtdoQ6n58JGVs3ZXPFPCQBBuwcSaSqFoeu98KW9pnW,273.137882
ABDMtjCyPEuftE6sQfqZUHeJomzzbmVYVftC9Y9C1oTL,272.880144
8bPjACqgWByytPnti3nAU8U9SPCVT4jKuqVKwPz5jZWZ,272.657183
4XNp943FYRcbUofZ7JwgETs5vvRCRTEYx3YnyYpyRhC3,272.021298
HompCuUoYigLLxkZySZznqgFaitCRvS3dgpk9NVG6G7s,271.150182
Ek1jayFeshNy1b7UHr2YKQP8zD1X3TCu4rRgsZ23kHqG,270.608559
A4tnTBhNubc7USZaLvZXGJRd14rLmH9EiQC9v2D1ikqD,269.377888
CFNX12kn6jrBvAWcDz2X3cMeUqCfVNQZSGJkPV1qhS7s,268.624509
6JLQdns4o1Cw8jHwfRuRscCkmEXBtRc3VDPz3bHPGd6K,267.810829
Gym2e8xtPXatkgz2wKkfa4a5Nrvd1Ds2683Pj8o6GDdP,267.464115
3HCgVHh8SNuD6Q5QKJdaingoQz54TZpxNTrqhAwfSv7r,266.947850
BDCmVYm1WDvzKhB2HKLjJ7CAsfhSxWTn7cbDdaqit9M2,266.928227
CMHrW9acyENhUVcQFWCjySTbC1Yof7GxdecUXdH9aefu,266.824880
36eHWRFMWuVUY8FgxyowbQV2eStVRVg3nSVBXCfpcoDM,266.628531
2D17ktA9S8rMbHkAGuCjAQZS71iADZs34NwMiz5Q3jY6,265.470089
7joNizryGX1aqDXQnJ2esMd3u89UarXnA5ChzgYdFwN6,265.428640
9EQE7x7rkmyuzzDS2Z1qBPyM352Gzmrdn9rXEegYVZBd,265.280282
6AwoS8Pk1N5XYsweeBNKojsMmSrqNuDCSWSjgwMRuJ4R,265.000209
2ErQgTKHfpxHUXUxxCwSLMAe8k2EjoX8os5PC8DtYdQF,264.312280
6a4HCcrCcvMVXKqqZDZrJewMLdVPBkeMUFVJjBLYRFYm,264.071769
8ERCb9UM2GUEhPtaPeBLaa6wrhmxHEZFppCngvPBveP7,263.875373
B4VoPkw9ESkEzTdV3C92RHaQmDYfkMhNNLqGr526QGyM,262.570234
28JvHkqGJgBAmZPGTB5TSHwMvw4m1Q6YHGpUe7mYJDVJ,262.335598
HDEGrBFdJoc64giM9ZJXrE3a79aKySm62RsZsBJADsw2,260.687858
BxLQiMSQuU6GG6fKGMbSiDLPYLyd3uosKqBZZdUU1HuA,259.832669
HY6mymkDKWpGbVNC8vzdcSHvncyYmxQRiLhdAYGFLpm6,259.272079
9k4Ebzgn2DAsn63VswFrQEUHVYLteBgZ9v1d3Jh36DNf,259.142640
4W3LM9cyf9QwA7uykJfbhzCWEkcPMCdnv4wSMmnFL3oS,258.905526
VHfin3xkGhR2MN4awgJr6Hrw7Lo8MjSE7goEdhPc7x1,258.880548
2yEo27g7fqUJRjRrVse97ZS5QE6yQgCwX8ft8DqXxvqt,258.811845
7xGCeLi8ZwQ8BXJBQ89EJKVHd7AsdGL81Ch1TYxqsnZr,258.485919
3cGFB2PBhN66Ak5Tvq3WTnX45zVMTvj5NrodZqiEPCLG,258.073983
BKNhhg2fBwsDdXbqvUsVf5y7zEsCgFMXvaLy6Jfa9PpM,257.979134
7nSqy7bhFJuXgsWeBT8M4P2CD12SR2BsKs1zNW5xpmM4,257.756452
Gzo3icLAuNt1pT7gBb8pLfwS8YZovMwdXKKQjw5RpA46,256.953007
C7Xi7veh5rn5BAy7MnxNxEXQa3VfPSVbVk9Yu6EH5Gmo,255.910991
F44mJjt5WhYtVmS9LdVqaKK2vQkzwzAaQnj66jhWQVC1,255.409470
FeDFnTuztFvdwUVKjMcEKb46kjQMZUXp3rw3ed8XPb4o,254.314185
EGTsm2XbbhHHp64i2DLWmT8tH7JA7aKiPfipeTxgSTnt,254.023763
36oLhRxbnzZU5Us4GdG9QRSGbt3HrnAGLjo3q5ufbbeD,253.562575
4Yw6cKqYPdfq9RDwB3c7FgaMnv2dpME6Ydn6Ec8vyLQB,253.481181
3H2aDhrrqXC1NE6oVoxSfkKUU8fE9sLbNLZznB9t1jKm,252.790471
5WERPU6BmkcVuSpjvW4kTLMEYMQpVJ7xGnFA9CTdjJyA,252.479244
2E1aLkuWUPE6zAbhqa5NWdhrgPjUfng9byAQk1cBLTEf,252.153359
698XVXEuaaiH9uJm2ZHcojwb6VHeB5qcUeipZ2vT7w32,251.891882
w65LFFuMRC7U9h1ierU5eWbpiptTa2VdRor4gxyUWxD,251.485329
GjapEJpvofZuUa1wtqufSJ51o2PsrfMvQm4jPWWq1i1q,251.268275
CXadhwbZFRij8EBJ6mhzKtN8KTnnbuWWjx4oj3vLdm2G,251.159973
5xGvQTsVYQdZJCEGAdmj3aBxGjM4ZiqTwFQ51fedEmpY,250.951559
7zfj88FadVQYBbqQgZX391XHKHSkVbKuNhjXxoVNm4Nq,250.305954
3oEewncohhas9MDCaWtp4aQQwypLiWfCtyYHt5uuEmGv,249.230452
B5qRXrWem9YSBHJ3ZtLec4waNPJmsL29N5eovrZzRX2q,248.418697
7Pr8vBuFvhb2EfD8REXE9wpQ1X897CpzDyePeyX5xsfm,247.792612
BwxbeoCXAtTPLy1g3DW1Uzz3xBZ9X78esZTaNUx1pNVt,247.606286
BGCqCoUu2ZFTY18nWHWqHdwWyWy1fkFKCJ4zkd5UcF4x,247.121787
AbDm3qTHxDvi4Ro9Cjwks4UgJY3tTJB266TpuBy3vxu2,247.006930
2wvJquR5y9k3pGpJNBVbAjBq2qJENtSZGptxZSh33Pof,246.717028
A6XHR3Y2amSoCLHETjphahnELoZUpJicVEZnzixmdTsU,243.632027
i2JxsACLU291ydsxnu4kfhmopaBS6Jp5HpWk6KYKB7M,243.597895
GnnqqYfdUbGpr7MakVJhd4nCdvx7UciBn3nBxLr5cox4,242.880238
43TwEy1ghVxHccGYax7cNKVihDdNVuAriRmr4fvwq562,242.854791
2sYNhdmmYtLJKsNuytrJspKwhj5MH6RVpZbArt9PcYPi,242.299625
3DJusyxqPPoKm5235nqWpuNMxC5C5peZY72aLSpcUpYc,241.198674
BDCotmZKnUvp6gbPQTiYqG1vXLwiFtwLVy6mtLtBDDfG,240.957093
6EQXKxrxYiLsJkpDDCmkzGDUggKZyqBYtjEAyfA5NMPc,239.616261
GXyp8BBM81rqzjQcgQouZZa8sW7q7s9Wg1rafXMz7NyS,239.538697
J4BAUU8smdsRCWbNsDZN17S6drcPNqs47dm3ib1f8QFq,239.149472
